timestamp,ms,t_in,h_in,t_out,h_out
2026-09-03T14:41:35,2040,30.50,44.20,31.80,32.00
2026-09-03T14:41:37,4040,30.50,43.20,31.80,32.00
2026-09-03T14:41:39,6040,30.50,44.70,31.80,32.00
2026-09-03T14:41:41,8040,30.50,44.70,31.80,32.00
2026-09-03T14:41:43,10040,30.50,44.70,31.80,32.00
2026-09-03T14:41:45,12040,30.50,44.60,31.80,32.00
2026-09-03T14:41:47,14040,30.50,44.50,31.80,32.00
2026-09-03T14:41:49,16040,30.50,44.50,31.80,32.00
2026-09-03T14:41:51,18040,30.50,44.50,31.80,32.00
2026-09-03T14:41:53,20040,30.50,44.50,31.80,32.00
2026-09-03T14:41:55,22040,30.50,44.50,31.80,32.00
2026-09-03T14:41:57,24040,30.50,44.60,31.80,32.00
2026-09-03T14:41:59,26040,30.50,44.70,31.80,32.00
2026-09-03T14:42:01,28040,30.50,44.80,31.80,32.00
2026-09-03T14:42:03,30040,30.50,44.90,31.80,32.00
2026-09-03T14:42:05,32040,30.50,44.70,31.80,32.00
2026-09-03T14:42:07,34040,30.50,44.60,31.80,32.00
2026-09-03T14:42:09,36040,30.50,44.40,31.80,32.00
2026-09-03T14:42:11,38040,30.50,44.20,31.80,32.00
2026-09-03T14:42:13,40040,30.50,44.20,31.80,32.00
2026-09-03T14:42:15,42040,30.50,44.20,31.80,32.00
2026-09-03T14:42:17,44040,30.50,44.20,31.80,32.00
2026-09-03T14:42:19,46040,30.50,44.20,31.80,32.00
2026-09-03T14:42:21,48040,30.50,44.40,31.80,32.00
2026-09-03T14:42:23,50040,30.50,44.60,31.60,32.00
2026-09-03T14:42:25,52040,30.50,44.70,31.30,32.00
2026-09-03T14:42:27,54040,30.50,44.70,31.30,32.00
2026-09-03T14:42:29,56040,30.50,44.70,31.30,32.00
2026-09-03T14:42:31,58040,30.50,44.70,31.30,32.00
2026-09-03T14:42:33,60040,30.50,44.70,31.30,32.00
2026-09-03T14:42:35,62040,30.50,44.70,31.30,32.00
2026-09-03T14:42:37,64040,30.50,44.60,31.30,32.00
2026-09-03T14:42:39,66040,30.50,44.50,31.30,32.00
2026-09-03T14:42:41,68040,30.50,44.60,31.30,32.00
2026-09-03T14:42:43,70040,30.50,44.60,31.30,33.00
2026-09-03T14:42:45,72040,30.50,44.60,31.30,33.00
2026-09-03T14:42:47,74040,30.50,44.60,31.30,33.00
2026-09-03T14:42:49,76040,30.50,44.60,31.30,33.00
2026-09-03T14:42:51,78040,30.50,44.60,31.30,33.00
2026-09-03T14:42:53,80040,30.50,44.50,31.30,33.00
2026-09-03T14:42:55,82040,30.50,44.50,31.30,33.00
2026-09-03T14:42:57,84040,30.50,44.50,31.30,33.00
2026-09-03T14:42:59,86040,30.50,44.60,31.30,33.00
2026-09-03T14:43:01,88040,30.50,44.60,31.30,32.00
2026-09-03T14:43:03,90040,30.50,44.70,31.30,32.00
2026-09-03T14:43:05,92040,30.50,44.70,31.30,32.00
2026-09-03T14:43:07,94040,30.50,44.70,31.30,32.00
2026-09-03T14:43:09,96040,30.50,44.70,31.30,32.00
2026-09-03T14:43:11,98040,30.50,44.70,31.30,32.00
2026-09-03T14:43:13,100040,30.50,44.70,31.30,32.00
2026-09-03T14:43:15,102040,30.50,44.60,31.30,32.00
2026-09-03T14:43:17,104040,30.50,44.50,31.30,32.00
2026-09-03T14:43:19,106040,30.50,44.40,31.30,32.00
2026-09-03T14:43:21,108040,30.50,44.30,31.30,32.00
2026-09-03T14:43:23,110040,30.50,44.20,31.30,32.00
2026-09-03T14:43:25,112040,30.50,44.20,31.30,32.00
2026-09-03T14:43:27,114040,30.50,44.20,31.30,32.00
2026-09-03T14:43:29,116040,30.50,44.20,31.30,33.00
2026-09-03T14:43:31,118040,30.50,44.20,31.30,33.00
2026-09-03T14:43:33,120040,30.50,44.30,31.30,33.00
2026-09-03T14:43:35,122040,30.50,44.40,31.30,32.00
2026-09-03T14:43:37,124040,30.50,44.40,31.30,32.00
2026-09-03T14:43:39,126040,30.50,44.40,31.30,32.00
2026-09-03T14:43:41,128040,30.50,44.50,31.30,33.00
2026-09-03T14:43:43,130040,30.50,44.60,31.30,33.00
2026-09-03T14:43:45,132040,30.50,44.70,31.30,33.00
2026-09-03T14:43:47,134040,30.50,44.70,31.30,33.00
2026-09-03T14:43:49,136040,30.50,44.70,31.30,33.00
2026-09-03T14:43:51,138040,30.50,44.60,31.30,33.00
2026-09-03T14:43:53,140040,30.50,44.70,31.00,33.00
2026-09-03T14:43:55,142040,30.50,45.00,30.80,33.00
2026-09-03T14:43:57,144040,30.50,45.00,30.80,33.00
2026-09-03T14:43:59,146040,30.50,45.00,30.80,33.00
2026-09-03T14:44:01,148040,30.50,45.00,30.80,33.00
2026-09-03T14:44:03,150040,30.50,44.90,30.80,33.00
2026-09-03T14:44:05,152040,30.50,44.90,30.80,33.00
2026-09-03T14:44:07,154040,30.50,44.90,30.80,33.00
2026-09-03T14:44:09,156040,30.50,44.90,30.80,33.00
2026-09-03T14:44:11,158040,30.50,45.00,30.80,32.00
2026-09-03T14:44:13,160040,30.50,45.00,30.80,32.00
2026-09-03T14:44:15,162040,30.50,45.00,30.80,32.00
2026-09-03T14:44:17,164040,30.50,44.90,30.80,32.00
2026-09-03T14:44:19,166040,30.50,44.80,30.80,32.00
2026-09-03T14:44:21,168040,30.50,44.80,30.80,33.00
2026-09-03T14:44:23,170040,30.50,44.70,30.80,33.00
2026-09-03T14:44:25,172040,30.50,44.70,30.80,33.00
2026-09-03T14:44:27,174040,30.50,44.70,30.80,33.00
2026-09-03T14:44:29,176040,30.50,44.80,30.80,33.00
2026-09-03T14:44:31,178040,30.50,45.00,30.80,33.00
2026-09-03T14:44:33,180040,30.40,45.00,30.80,33.00
2026-09-03T14:44:35,182040,30.50,45.10,30.80,33.00
2026-09-03T14:44:37,184040,30.50,45.10,30.80,33.00
2026-09-03T14:44:39,186040,30.50,44.90,30.80,33.00
2026-09-03T14:44:41,188040,30.50,44.70,30.80,33.00
2026-09-03T14:44:43,190040,30.50,44.60,30.80,33.00
2026-09-03T14:44:45,192040,30.50,44.60,30.80,32.00
2026-09-03T14:44:47,194040,30.50,44.70,30.80,32.00
2026-09-03T14:44:49,196040,30.50,44.60,30.80,32.00
2026-09-03T14:44:51,198040,30.50,44.60,30.80,32.00
2026-09-03T14:44:53,200040,30.50,44.60,30.80,32.00
2026-09-03T14:44:55,202040,30.50,44.70,30.80,32.00
2026-09-03T14:44:57,204040,30.50,44.70,30.80,32.00
2026-09-03T14:44:59,206040,30.50,44.70,30.80,32.00
2026-09-03T14:45:01,208040,30.50,44.70,30.80,32.00
2026-09-03T14:45:03,210040,30.50,44.70,30.80,32.00
2026-09-03T14:45:05,212040,30.50,44.80,30.80,32.00
2026-09-03T14:45:07,214040,30.50,44.70,30.80,32.00
2026-09-03T14:45:09,216040,30.50,44.70,30.80,33.00
2026-09-03T14:45:11,218040,30.50,44.60,30.80,33.00
2026-09-03T14:45:13,220040,30.50,44.50,30.80,33.00
2026-09-03T14:45:15,222040,30.50,44.40,30.80,33.00
2026-09-03T14:45:17,224040,30.50,44.40,30.80,33.00
2026-09-03T14:45:19,226040,30.50,44.40,30.80,33.00
2026-09-03T14:45:21,228040,30.50,44.40,30.80,33.00
2026-09-03T14:45:23,230040,30.50,44.40,30.80,33.00
2026-09-03T14:45:25,232040,30.50,44.50,30.80,33.00
2026-09-03T14:45:27,234040,30.50,44.50,30.80,33.00
2026-09-03T14:45:29,236040,30.50,44.60,30.80,33.00
2026-09-03T14:45:31,238040,30.40,44.70,30.80,33.00
2026-09-03T14:45:33,240040,30.50,44.90,30.80,33.00
2026-09-03T14:45:35,242040,30.50,45.00,30.80,33.00
2026-09-03T14:45:37,244040,30.50,45.10,30.80,33.00
2026-09-03T14:45:39,246040,30.50,45.10,30.80,33.00
2026-09-03T14:45:41,248040,30.50,45.20,30.80,33.00
2026-09-03T14:45:43,250040,30.50,45.20,30.80,33.00
2026-09-03T14:45:45,252040,30.50,45.20,30.80,33.00
2026-09-03T14:45:47,254040,30.50,45.10,30.80,33.00
2026-09-03T14:45:49,256040,30.50,45.10,30.80,33.00
2026-09-03T14:45:51,258040,30.50,45.10,30.80,33.00
2026-09-03T14:45:53,260040,30.50,45.00,30.80,33.00
2026-09-03T14:45:55,262040,30.50,45.00,30.80,33.00
2026-09-03T14:45:57,264040,30.50,45.10,30.80,33.00
2026-09-03T14:45:59,266040,30.50,45.00,30.80,33.00
2026-09-03T14:46:01,268040,30.50,45.00,30.80,33.00
2026-09-03T14:46:03,270040,30.50,45.00,30.80,33.00
2026-09-03T14:46:05,272040,30.50,45.00,30.80,33.00
2026-09-03T14:46:07,274040,30.40,44.90,30.80,33.00
2026-09-03T14:46:09,276040,30.50,45.10,30.80,33.00
2026-09-03T14:46:11,278040,30.50,45.20,30.80,33.00
2026-09-03T14:46:13,280040,30.50,45.30,30.80,33.00
2026-09-03T14:46:15,282040,30.50,45.40,30.80,33.00
2026-09-03T14:46:17,284040,30.50,45.40,30.80,33.00
2026-09-03T14:46:19,286040,30.50,45.40,30.80,33.00
2026-09-03T14:46:21,288040,30.50,45.40,30.80,33.00
2026-09-03T14:46:23,290040,30.50,45.70,30.80,33.00
2026-09-03T14:46:25,292040,30.40,45.70,30.80,33.00
2026-09-03T14:46:27,294040,30.40,45.80,30.80,33.00
2026-09-03T14:46:29,296040,30.50,46.10,30.80,32.00
2026-09-03T14:46:31,298040,30.50,46.10,30.80,32.00
2026-09-03T14:46:33,300040,30.50,46.00,30.80,32.00
2026-09-03T14:46:35,302040,30.50,45.90,30.80,32.00
2026-09-03T14:46:37,304040,30.50,45.70,30.80,32.00
2026-09-03T14:46:39,306040,30.50,45.40,30.80,32.00
2026-09-03T14:46:41,308040,30.50,45.10,30.80,32.00
2026-09-03T14:46:43,310040,30.50,45.00,30.80,32.00
2026-09-03T14:46:45,312040,30.50,44.90,30.80,32.00
2026-09-03T14:46:47,314040,30.40,44.70,30.80,32.00
2026-09-03T14:46:49,316040,30.50,44.70,30.80,32.00
2026-09-03T14:46:51,318040,30.50,44.60,30.80,32.00
2026-09-03T14:46:53,320040,30.50,44.60,30.80,32.00
2026-09-03T14:46:55,322040,30.50,44.50,30.80,32.00
2026-09-03T14:46:57,324040,30.50,44.40,30.80,33.00
2026-09-03T14:46:59,326040,30.50,44.40,30.80,33.00
2026-09-03T14:47:01,328040,30.50,44.50,30.80,33.00
2026-09-03T14:47:03,330040,30.50,44.60,30.80,33.00
2026-09-03T14:47:05,332040,30.40,44.60,30.80,33.00
2026-09-03T14:47:07,334040,30.50,44.60,30.80,33.00
2026-09-03T14:47:09,336040,30.50,44.50,30.80,33.00
2026-09-03T14:47:11,338040,30.40,44.30,30.80,33.00
2026-09-03T14:47:13,340040,30.50,44.30,30.80,33.00
2026-09-03T14:47:15,342040,30.50,44.30,30.80,33.00
2026-09-03T14:47:17,344040,30.50,44.20,30.80,33.00
2026-09-03T14:47:19,346040,30.50,44.20,30.80,33.00
2026-09-03T14:47:21,348040,30.50,44.20,30.80,33.00
2026-09-03T14:47:23,350040,30.50,44.30,30.80,33.00
2026-09-03T14:47:25,352040,30.50,44.30,30.80,33.00
2026-09-03T14:47:27,354040,30.50,44.40,30.80,33.00
2026-09-03T14:47:29,356040,30.50,44.50,30.80,33.00
2026-09-03T14:47:31,358040,30.50,44.50,30.80,33.00
2026-09-03T14:47:33,360040,30.50,44.60,30.80,33.00
2026-09-03T14:47:35,362040,30.50,44.60,30.80,33.00
2026-09-03T14:47:37,364040,30.50,44.60,30.80,33.00
2026-09-03T14:47:39,366040,30.50,44.60,30.80,33.00
2026-09-03T14:47:41,368040,30.50,44.60,30.80,33.00
2026-09-03T14:47:43,370040,30.50,44.60,30.80,33.00
2026-09-03T14:47:45,372040,30.50,44.80,30.80,33.00
2026-09-03T14:47:47,374040,30.50,44.90,30.80,33.00
2026-09-03T14:47:49,376040,30.50,45.00,30.80,33.00
2026-09-03T14:47:51,378040,30.40,44.90,30.80,33.00
2026-09-03T14:47:53,380040,30.40,44.80,30.80,33.00
2026-09-03T14:47:55,382040,30.50,44.70,30.80,33.00
2026-09-03T14:47:57,384040,30.50,44.60,30.80,33.00
2026-09-03T14:47:59,386040,30.50,44.60,30.80,33.00
2026-09-03T14:48:01,388040,30.50,44.60,30.80,33.00
2026-09-03T14:48:03,390040,30.50,44.70,30.80,33.00
2026-09-03T14:48:05,392040,30.50,44.80,30.80,33.00
2026-09-03T14:48:07,394040,30.50,44.70,30.80,33.00
2026-09-03T14:48:09,396040,30.50,44.70,30.80,33.00
2026-09-03T14:48:11,398040,30.50,44.60,30.80,33.00
2026-09-03T14:48:13,400040,30.50,44.70,30.80,33.00
2026-09-03T14:48:15,402040,30.50,44.70,30.80,33.00
2026-09-03T14:48:17,404040,30.50,44.90,30.80,33.00
2026-09-03T14:48:19,406040,30.40,44.90,30.80,33.00
2026-09-03T14:48:21,408040,30.50,45.10,30.80,33.00
2026-09-03T14:48:23,410040,30.50,45.20,30.80,33.00
2026-09-03T14:48:25,412040,30.50,45.20,30.80,33.00
2026-09-03T14:48:27,414040,30.50,45.60,30.80,33.00
2026-09-03T14:48:29,416040,30.50,45.70,30.80,33.00
2026-09-03T14:48:31,418040,30.50,45.70,30.80,33.00
2026-09-03T14:48:33,420040,30.50,45.70,30.80,33.00
2026-09-03T14:48:35,422040,30.50,45.70,30.80,33.00
2026-09-03T14:48:37,424040,30.50,45.70,30.80,33.00
2026-09-03T14:48:39,426040,30.40,45.60,30.80,33.00
2026-09-03T14:48:41,428040,30.50,45.50,30.80,33.00
2026-09-03T14:48:43,430040,30.50,45.50,30.80,33.00
2026-09-03T14:48:45,432040,30.50,45.60,30.80,33.00
2026-09-03T14:48:47,434040,30.50,45.70,30.80,33.00
2026-09-03T14:48:49,436040,30.50,45.80,30.80,33.00
2026-09-03T14:48:51,438040,30.50,45.90,30.80,33.00
2026-09-03T14:48:53,440040,30.50,45.90,30.80,33.00
2026-09-03T14:48:55,442040,30.50,45.90,30.80,33.00
2026-09-03T14:48:57,444040,30.50,45.90,30.80,33.00
2026-09-03T14:48:59,446040,30.50,45.90,30.80,33.00
2026-09-03T14:49:01,448040,30.50,45.80,30.80,33.00
2026-09-03T14:49:03,450040,30.50,45.70,30.80,33.00
2026-09-03T14:49:05,452040,30.50,45.70,30.80,33.00
2026-09-03T14:49:07,454040,30.40,45.50,30.80,33.00
2026-09-03T14:49:09,456040,30.50,45.50,30.80,33.00
2026-09-03T14:49:11,458040,30.50,45.40,30.80,33.00
2026-09-03T14:49:13,460040,30.50,45.30,30.80,33.00
2026-09-03T14:49:15,462040,30.50,45.30,30.80,33.00
2026-09-03T14:49:17,464040,30.50,45.30,30.80,33.00
2026-09-03T14:49:19,466040,30.50,45.30,30.80,33.00
2026-09-03T14:49:21,468040,30.50,45.30,30.80,33.00
2026-09-03T14:49:23,470040,30.50,45.20,30.80,33.00
2026-09-03T14:49:25,472040,30.50,45.20,30.80,33.00
2026-09-03T14:49:27,474040,30.50,45.20,30.80,33.00
2026-09-03T14:49:29,476040,30.50,45.20,30.80,33.00
2026-09-03T14:49:31,478040,30.50,45.30,30.80,33.00
2026-09-03T14:49:33,480040,30.50,45.30,30.80,33.00
2026-09-03T14:49:35,482040,30.50,45.30,30.80,33.00
2026-09-03T14:49:37,484040,30.50,45.40,30.80,33.00
2026-09-03T14:49:39,486040,30.50,45.50,30.80,33.00
2026-09-03T14:49:41,488040,30.50,45.60,30.80,33.00
2026-09-03T14:49:43,490040,30.50,45.70,30.80,33.00
2026-09-03T14:49:45,492040,30.50,45.70,30.80,33.00
2026-09-03T14:49:47,494040,30.40,45.60,30.80,33.00
2026-09-03T14:49:49,496040,30.50,45.60,30.80,33.00
2026-09-03T14:49:51,498040,30.50,45.60,30.80,33.00
2026-09-03T14:49:53,500040,30.50,45.50,30.80,33.00
2026-09-03T14:49:55,502040,30.50,45.60,30.80,33.00
2026-09-03T14:49:57,504040,30.50,45.70,30.80,33.00
2026-09-03T14:49:59,506040,30.50,45.80,30.80,33.00
2026-09-03T14:50:01,508040,30.50,45.80,30.80,33.00
2026-09-03T14:50:03,510040,30.50,45.80,30.80,33.00
2026-09-03T14:50:05,512040,30.50,45.80,30.80,33.00
2026-09-03T14:50:07,514040,30.50,45.70,30.80,33.00
2026-09-03T14:50:09,516040,30.50,45.70,30.80,33.00
2026-09-03T14:50:11,518040,30.50,45.80,30.80,33.00
2026-09-03T14:50:13,520040,30.50,45.70,30.80,33.00
2026-09-03T14:50:15,522040,30.50,45.70,30.80,33.00
2026-09-03T14:50:17,524040,30.50,45.70,30.80,33.00
2026-09-03T14:50:19,526040,30.50,45.60,30.80,33.00
2026-09-03T14:50:21,528040,30.50,45.70,30.80,33.00
2026-09-03T14:50:23,530040,30.50,45.70,30.80,33.00
2026-09-03T14:50:25,532040,30.50,45.50,30.80,33.00
2026-09-03T14:50:27,534040,30.50,45.30,30.80,33.00
2026-09-03T14:50:29,536040,30.50,45.10,30.80,33.00
2026-09-03T14:50:31,538040,30.50,45.00,30.80,33.00
2026-09-03T14:50:33,540040,30.50,44.90,30.80,33.00
2026-09-03T14:50:35,542040,30.50,44.80,30.80,33.00
2026-09-03T14:50:37,544040,30.50,44.70,30.80,33.00
2026-09-03T14:50:39,546040,30.50,44.70,30.80,33.00
2026-09-03T14:50:41,548040,30.40,44.60,30.80,33.00
2026-09-03T14:50:43,550040,30.50,44.70,30.80,33.00
2026-09-03T14:50:45,552040,30.50,44.70,30.80,33.00
2026-09-03T14:50:47,554040,30.50,44.70,30.80,33.00
2026-09-03T14:50:49,556040,30.50,44.70,30.80,33.00
2026-09-03T14:50:51,558040,30.50,44.70,30.80,33.00
2026-09-03T14:50:53,560040,30.50,44.70,30.80,33.00
2026-09-03T14:50:55,562040,30.50,44.60,30.80,33.00
2026-09-03T14:50:57,564040,30.50,44.60,30.80,33.00
2026-09-03T14:50:59,566040,30.50,44.70,30.80,33.00
2026-09-03T14:51:01,568040,30.50,44.70,30.80,33.00
2026-09-03T14:51:03,570040,30.50,44.80,30.80,33.00
2026-09-03T14:51:05,572040,30.50,44.80,30.80,33.00
2026-09-03T14:51:07,574040,30.50,44.90,30.80,33.00
2026-09-03T14:51:09,576040,30.40,44.90,30.80,33.00
2026-09-03T14:51:11,578040,30.50,45.00,30.80,33.00
2026-09-03T14:51:13,580040,30.50,45.10,30.80,33.00
2026-09-03T14:51:15,582040,30.50,45.10,30.80,33.00
2026-09-03T14:51:17,584040,30.50,45.10,30.80,33.00
2026-09-03T14:51:19,586040,30.50,45.10,30.80,33.00
2026-09-03T14:51:21,588040,30.50,45.10,30.80,33.00
2026-09-03T14:51:23,590040,30.50,45.10,30.80,33.00
2026-09-03T14:51:25,592040,30.50,45.00,30.80,33.00
2026-09-03T14:51:27,594040,30.50,45.10,30.80,33.00
2026-09-03T14:51:29,596040,30.50,45.00,30.80,33.00
2026-09-03T14:51:31,598040,30.50,45.00,30.80,33.00
2026-09-03T14:51:33,600040,30.50,44.90,30.80,33.00
2026-09-03T14:51:35,602040,30.50,44.90,30.70,33.00
2026-09-03T14:51:37,604040,30.50,45.10,30.70,33.00
2026-09-03T14:51:39,606040,30.50,47.70,30.70,33.00
2026-09-03T14:51:41,608040,30.50,66.50,30.60,33.00
2026-09-03T14:51:43,610040,30.60,86.90,30.60,33.00
2026-09-03T14:51:45,612040,30.70,93.60,30.50,33.00
2026-09-03T14:51:47,614040,30.80,96.90,30.50,33.00
2026-09-03T14:51:49,616040,31.00,99.20,30.30,33.00
2026-09-03T14:51:51,618040,31.10,99.90,30.30,33.00
2026-09-03T14:51:53,620040,31.30,99.90,30.30,33.00
2026-09-03T14:51:55,622040,31.40,99.90,30.20,33.00
2026-09-03T14:51:57,624040,31.60,99.90,30.30,33.00
2026-09-03T14:51:59,626040,31.80,99.90,30.30,33.00
2026-09-03T14:52:01,628040,31.90,99.90,30.30,33.00
2026-09-03T14:52:03,630040,32.00,99.90,30.30,33.00
2026-09-03T14:52:05,632040,32.10,99.90,30.30,33.00
2026-09-03T14:52:07,634040,32.20,99.90,30.50,33.00
2026-09-03T14:52:09,636040,32.30,99.90,30.50,33.00
2026-09-03T14:52:11,638040,32.40,99.90,30.50,33.00
2026-09-03T14:52:13,640040,32.50,99.90,30.60,33.00
2026-09-03T14:52:15,642040,32.60,99.90,30.60,33.00
2026-09-03T14:52:17,644040,32.70,99.90,30.60,33.00
2026-09-03T14:52:19,646040,32.80,99.90,30.70,33.00
2026-09-03T14:52:21,648040,32.90,99.90,30.70,33.00
2026-09-03T14:52:23,650040,33.00,99.90,30.70,33.00
2026-09-03T14:52:25,652040,33.10,99.90,30.80,33.00
2026-09-03T14:52:27,654040,33.20,99.90,30.80,33.00
2026-09-03T14:52:29,656040,33.20,99.90,30.80,33.00
2026-09-03T14:52:31,658040,33.30,99.90,30.80,33.00
2026-09-03T14:52:33,660040,33.40,99.90,30.80,33.00
2026-09-03T14:52:35,662040,33.40,99.90,30.80,33.00
2026-09-03T14:52:37,664040,33.50,99.90,30.80,33.00
2026-09-03T14:52:39,666040,33.60,99.90,30.80,33.00
2026-09-03T14:52:41,668040,33.60,99.90,30.80,33.00
2026-09-03T14:52:43,670040,33.70,99.90,30.80,33.00
2026-09-03T14:52:45,672040,33.80,99.90,30.80,33.00
2026-09-03T14:52:47,674040,33.80,99.90,30.80,33.00
2026-09-03T14:52:49,676040,33.90,99.90,30.80,33.00
2026-09-03T14:52:51,678040,33.90,99.90,30.70,33.00
2026-09-03T14:52:53,680040,34.00,99.90,30.60,33.00
2026-09-03T14:52:55,682040,34.10,99.90,30.50,33.00
2026-09-03T14:52:57,684040,34.10,99.90,30.30,33.00
2026-09-03T14:52:59,686040,34.20,99.90,30.30,33.00
2026-09-03T14:53:01,688040,34.20,99.90,30.30,33.00
2026-09-03T14:53:03,690040,34.30,99.90,30.20,33.00
2026-09-03T14:53:05,692040,34.40,99.90,30.20,33.00
2026-09-03T14:53:07,694040,34.40,99.90,30.20,33.00
2026-09-03T14:53:09,696040,34.40,99.90,30.20,33.00
2026-09-03T14:53:11,698040,34.40,95.30,30.20,33.00
2026-09-03T14:53:13,700040,34.40,82.40,30.20,33.00
2026-09-03T14:53:15,702040,34.40,71.00,30.20,33.00
2026-09-03T14:53:17,704040,34.40,62.50,30.30,33.00
2026-09-03T14:53:19,706040,34.40,56.70,30.30,33.00
2026-09-03T14:53:21,708040,34.40,53.30,30.30,33.00
2026-09-03T14:53:23,710040,34.40,52.50,30.30,33.00
2026-09-03T14:53:25,712040,34.40,51.10,30.50,33.00
2026-09-03T14:53:27,714040,34.30,49.10,30.50,33.00
2026-09-03T14:53:29,716040,34.30,48.30,30.50,33.00
2026-09-03T14:53:31,718040,34.20,47.60,30.60,33.00
2026-09-03T14:53:33,720040,34.20,46.70,30.60,33.00
2026-09-03T14:53:35,722040,34.20,46.20,30.60,33.00
2026-09-03T14:53:37,724040,34.20,45.80,30.70,33.00
2026-09-03T14:53:39,726040,34.10,45.40,30.80,33.00
2026-09-03T14:53:41,728040,34.10,45.10,30.80,33.00
2026-09-03T14:53:43,730040,34.10,44.70,30.80,33.00
2026-09-03T14:53:45,732040,34.00,44.30,30.80,33.00
2026-09-03T14:53:47,734040,34.00,44.10,30.80,33.00
2026-09-03T14:53:49,736040,34.00,43.90,30.80,33.00
2026-09-03T14:53:51,738040,33.90,43.80,30.80,33.00
2026-09-03T14:53:53,740040,33.90,43.80,30.80,33.00
2026-09-03T14:53:55,742040,33.90,43.70,30.80,33.00
2026-09-03T14:53:57,744040,33.80,43.60,30.80,33.00
2026-09-03T14:53:59,746040,33.80,43.50,30.80,33.00
2026-09-03T14:54:01,748040,33.80,43.30,30.80,33.00
2026-09-03T14:54:03,750040,33.70,43.20,30.80,33.00
2026-09-03T14:54:05,752040,33.70,43.20,30.80,33.00
2026-09-03T14:54:07,754040,33.70,43.10,30.80,33.00
2026-09-03T14:54:09,756040,33.60,43.00,30.80,33.00
2026-09-03T14:54:11,758040,33.60,43.10,30.80,33.00
2026-09-03T14:54:13,760040,33.50,43.30,30.80,33.00
2026-09-03T14:54:15,762040,33.50,43.50,30.80,33.00
2026-09-03T14:54:17,764040,33.50,43.60,30.80,33.00
2026-09-03T14:54:19,766040,33.50,43.80,30.80,33.00
2026-09-03T14:54:21,768040,33.40,43.80,30.80,33.00
2026-09-03T14:54:23,770040,33.40,43.80,30.80,33.00
2026-09-03T14:54:25,772040,33.40,43.50,30.80,33.00
2026-09-03T14:54:27,774040,33.40,43.20,30.80,33.00
2026-09-03T14:54:29,776040,33.40,43.00,30.80,33.00
2026-09-03T14:54:31,778040,33.30,42.90,30.80,33.00
2026-09-03T14:54:33,780040,33.30,42.90,30.80,33.00
2026-09-03T14:54:35,782040,33.30,43.00,30.80,33.00
2026-09-03T14:54:37,784040,33.20,42.90,30.80,33.00
2026-09-03T14:54:39,786040,33.20,42.90,30.80,33.00
2026-09-03T14:54:41,788040,33.20,42.90,30.80,33.00
2026-09-03T14:54:43,790040,33.20,43.00,30.80,33.00
2026-09-03T14:54:45,792040,33.20,43.00,30.80,33.00
2026-09-03T14:54:47,794040,33.10,43.00,30.80,33.00
2026-09-03T14:54:49,796040,33.10,42.90,30.80,33.00
2026-09-03T14:54:51,798040,33.10,42.90,30.80,33.00
2026-09-03T14:54:53,800040,33.10,42.90,30.80,33.00
2026-09-03T14:54:55,802040,33.00,42.80,30.80,33.00
2026-09-03T14:54:57,804040,33.00,42.80,30.80,33.00
2026-09-03T14:54:59,806040,33.00,43.00,30.80,33.00
2026-09-03T14:55:01,808040,33.00,43.10,30.80,33.00
2026-09-03T14:55:03,810040,32.90,43.20,30.80,33.00
2026-09-03T14:55:05,812040,32.90,43.30,30.80,33.00
2026-09-03T14:55:07,814040,32.90,43.30,30.80,33.00
2026-09-03T14:55:09,816040,32.90,43.20,30.80,33.00
2026-09-03T14:55:11,818040,32.90,43.10,30.80,33.00
2026-09-03T14:55:13,820040,32.80,43.00,30.80,33.00
2026-09-03T14:55:15,822040,32.80,43.00,30.80,33.00
2026-09-03T14:55:17,824040,32.80,42.90,30.80,33.00
2026-09-03T14:55:19,826040,32.80,42.90,30.80,33.00
2026-09-03T14:55:21,828040,32.70,42.80,30.80,33.00
2026-09-03T14:55:23,830040,32.70,42.90,30.80,33.00
2026-09-03T14:55:25,832040,32.70,42.90,30.80,33.00
2026-09-03T14:55:27,834040,32.70,43.10,30.80,33.00
2026-09-03T14:55:29,836040,32.70,43.20,30.80,33.00
2026-09-03T14:55:31,838040,32.60,43.20,30.80,33.00
2026-09-03T14:55:33,840040,32.60,43.30,30.80,33.00
2026-09-03T14:55:35,842040,32.60,43.30,30.80,33.00
2026-09-03T14:55:37,844040,32.60,43.40,30.80,33.00
2026-09-03T14:55:39,846040,32.60,43.50,30.80,33.00
2026-09-03T14:55:41,848040,32.50,43.40,30.80,33.00
2026-09-03T14:55:43,850040,32.50,43.40,30.80,33.00
2026-09-03T14:55:45,852040,32.50,43.30,30.80,33.00
2026-09-03T14:55:47,854040,32.50,43.30,30.80,33.00
2026-09-03T14:55:49,856040,32.40,43.30,30.80,33.00
2026-09-03T14:55:51,858040,32.40,43.30,30.80,33.00
2026-09-03T14:55:53,860040,32.40,43.40,30.80,33.00
2026-09-03T14:55:55,862040,32.40,43.40,30.80,33.00
2026-09-03T14:55:57,864040,32.40,43.40,30.80,33.00
2026-09-03T14:55:59,866040,32.30,43.50,30.80,33.00
2026-09-03T14:56:01,868040,32.30,43.70,30.80,33.00
2026-09-03T14:56:03,870040,32.30,43.90,30.80,33.00
2026-09-03T14:56:05,872040,32.30,43.90,30.80,33.00
2026-09-03T14:56:07,874040,32.30,44.10,30.80,33.00
2026-09-03T14:56:09,876040,32.30,44.20,30.80,33.00
2026-09-03T14:56:11,878040,32.20,44.30,30.80,33.00
2026-09-03T14:56:13,880040,32.20,44.30,30.80,33.00
2026-09-03T14:56:15,882040,32.20,44.20,30.80,33.00
2026-09-03T14:56:17,884040,32.20,44.10,30.80,33.00
2026-09-03T14:56:19,886040,32.20,44.00,30.80,33.00
2026-09-03T14:56:21,888040,32.20,43.90,30.80,33.00
2026-09-03T14:56:23,890040,32.10,43.80,30.80,33.00
2026-09-03T14:56:25,892040,32.10,43.80,30.80,33.00
2026-09-03T14:56:27,894040,32.10,43.80,30.80,33.00
2026-09-03T14:56:29,896040,32.10,43.80,30.80,33.00
2026-09-03T14:56:31,898040,32.10,43.80,30.80,33.00
2026-09-03T14:56:33,900040,32.10,43.70,30.80,33.00
2026-09-03T14:56:35,902040,32.00,43.70,30.80,33.00
2026-09-03T14:56:37,904040,32.00,43.80,30.80,33.00
2026-09-03T14:56:39,906040,32.10,43.80,30.80,33.00
2026-09-03T14:56:41,908040,32.00,43.80,30.80,33.00
2026-09-03T14:56:43,910040,32.00,43.90,30.80,33.00
2026-09-03T14:56:45,912040,32.00,44.00,30.80,33.00
2026-09-03T14:56:47,914040,32.00,44.20,30.80,33.00
2026-09-03T14:56:49,916040,32.00,44.40,30.80,33.00
2026-09-03T14:56:51,918040,32.00,44.40,30.80,33.00
2026-09-03T14:56:53,920040,31.90,44.30,30.80,33.00
2026-09-03T14:56:55,922040,31.90,44.30,30.80,33.00
2026-09-03T14:56:57,924040,31.90,44.50,30.80,33.00
2026-09-03T14:56:59,926040,31.90,44.50,30.80,33.00
2026-09-03T14:57:01,928040,31.90,44.90,30.80,33.00
2026-09-03T14:57:03,930040,31.90,45.30,30.80,33.00
2026-09-03T14:57:05,932040,31.80,45.20,30.80,33.00
2026-09-03T14:57:07,934040,31.80,45.10,30.80,33.00
2026-09-03T14:57:09,936040,31.80,44.90,30.80,33.00
2026-09-03T14:57:11,938040,31.90,45.20,30.80,33.00
2026-09-03T14:57:13,940040,31.80,45.60,30.80,33.00
2026-09-03T14:57:15,942040,31.80,45.70,30.80,33.00
2026-09-03T14:57:17,944040,31.80,45.80,30.80,33.00
2026-09-03T14:57:19,946040,31.80,45.80,30.80,33.00
2026-09-03T14:57:21,948040,31.80,45.60,30.80,33.00
2026-09-03T14:57:23,950040,31.80,45.70,30.80,33.00
2026-09-03T14:57:25,952040,31.80,46.00,30.80,33.00
2026-09-03T14:57:27,954040,31.70,45.80,30.80,33.00
2026-09-03T14:57:29,956040,31.70,45.80,30.80,33.00
2026-09-03T14:57:31,958040,31.80,46.00,30.80,33.00
2026-09-03T14:57:33,960040,31.70,45.70,30.80,33.00
2026-09-03T14:57:35,962040,31.70,45.50,30.80,33.00
2026-09-03T14:57:37,964040,31.70,45.20,30.80,33.00
2026-09-03T14:57:39,966040,31.70,45.10,30.80,33.00
2026-09-03T14:57:41,968040,31.60,45.10,30.80,33.00
2026-09-03T14:57:43,970040,31.60,45.70,30.80,33.00
2026-09-03T14:57:45,972040,31.60,45.80,30.80,33.00
2026-09-03T14:57:47,974040,31.70,45.90,30.80,33.00
2026-09-03T14:57:49,976040,31.70,45.40,30.80,33.00
2026-09-03T14:57:51,978040,31.60,44.90,30.80,33.00
2026-09-03T14:57:53,980040,31.60,44.70,30.80,33.00
2026-09-03T14:57:55,982040,31.60,44.50,30.80,33.00
2026-09-03T14:57:57,984040,31.60,44.50,30.80,33.00
2026-09-03T14:57:59,986040,31.60,44.80,30.80,33.00
2026-09-03T14:58:01,988040,31.60,45.10,30.80,33.00
2026-09-03T14:58:03,990040,31.60,45.30,30.80,33.00
2026-09-03T14:58:05,992040,31.60,45.30,30.80,33.00
2026-09-03T14:58:07,994040,31.60,45.90,30.80,33.00
2026-09-03T14:58:09,996040,31.50,45.70,30.80,33.00
2026-09-03T14:58:11,998040,31.60,69.40,30.80,33.00
2026-09-03T14:58:13,1000040,31.70,86.80,30.80,33.00
2026-09-03T14:58:15,1002040,31.80,93.30,30.80,33.00
2026-09-03T14:58:17,1004040,31.90,96.50,30.80,33.00
2026-09-03T14:58:19,1006040,32.00,98.60,30.80,33.00
2026-09-03T14:58:21,1008040,32.00,99.90,30.80,33.00
2026-09-03T14:58:23,1010040,32.20,99.90,30.80,33.00
2026-09-03T14:58:25,1012040,32.30,99.90,30.80,33.00
2026-09-03T14:58:27,1014040,32.40,99.90,30.80,33.00
2026-09-03T14:58:29,1016040,32.50,99.90,30.80,33.00
2026-09-03T14:58:31,1018040,32.60,99.90,30.80,33.00
2026-09-03T14:58:33,1020040,32.70,99.90,30.80,33.00
2026-09-03T14:58:35,1022040,32.80,99.90,30.80,33.00
2026-09-03T14:58:37,1024040,32.90,99.90,30.80,33.00
2026-09-03T14:58:39,1026040,33.00,99.90,30.80,33.00
2026-09-03T14:58:41,1028040,33.10,99.90,30.80,33.00
2026-09-03T14:58:43,1030040,33.20,99.90,30.80,33.00
2026-09-03T14:58:45,1032040,33.30,99.90,30.80,33.00
2026-09-03T14:58:47,1034040,33.40,99.90,30.80,33.00
2026-09-03T14:58:49,1036040,33.40,99.90,30.80,33.00
2026-09-03T14:58:51,1038040,33.50,99.90,30.80,33.00
2026-09-03T14:58:53,1040040,33.60,99.90,30.80,33.00
2026-09-03T14:58:55,1042040,33.70,99.90,30.80,33.00
2026-09-03T14:58:57,1044040,33.70,99.90,30.80,33.00
2026-09-03T14:58:59,1046040,33.80,99.90,30.80,33.00
2026-09-03T14:59:01,1048040,33.90,99.90,30.80,33.00
2026-09-03T14:59:03,1050040,34.00,99.90,30.80,33.00
2026-09-03T14:59:05,1052040,34.00,99.90,30.80,33.00
2026-09-03T14:59:07,1054040,34.10,99.90,30.80,33.00
2026-09-03T14:59:09,1056040,34.10,99.90,30.80,33.00
2026-09-03T14:59:11,1058040,34.20,99.90,30.80,33.00
2026-09-03T14:59:13,1060040,34.30,99.90,30.80,33.00
2026-09-03T14:59:15,1062040,34.40,99.90,30.80,33.00
2026-09-03T14:59:17,1064040,34.40,99.90,30.80,33.00
2026-09-03T14:59:19,1066040,34.50,99.90,30.80,33.00
2026-09-03T14:59:21,1068040,34.50,99.90,30.80,33.00
2026-09-03T14:59:23,1070040,34.50,99.90,30.80,33.00
2026-09-03T14:59:25,1072040,34.60,99.90,30.80,33.00
2026-09-03T14:59:27,1074040,34.60,99.90,30.80,33.00
2026-09-03T14:59:29,1076040,34.70,99.90,30.80,33.00
2026-09-03T14:59:31,1078040,34.70,99.90,30.80,33.00
2026-09-03T14:59:33,1080040,34.80,99.90,30.80,33.00
2026-09-03T14:59:35,1082040,34.80,99.90,30.80,33.00
2026-09-03T14:59:37,1084040,34.90,99.90,30.80,33.00
2026-09-03T14:59:39,1086040,34.90,99.90,30.80,33.00
2026-09-03T14:59:41,1088040,34.80,99.00,30.80,33.00
2026-09-03T14:59:43,1090040,34.80,89.30,30.80,33.00
2026-09-03T14:59:45,1092040,34.80,76.30,30.80,33.00
2026-09-03T14:59:47,1094040,34.80,66.60,30.80,33.00
2026-09-03T14:59:49,1096040,34.80,60.40,30.80,33.00
2026-09-03T14:59:51,1098040,34.80,56.30,30.80,33.00
2026-09-03T14:59:53,1100040,34.80,52.70,30.80,33.00
2026-09-03T14:59:55,1102040,34.70,50.60,30.80,33.00
2026-09-03T14:59:57,1104040,34.80,49.00,30.80,33.00
2026-09-03T14:59:59,1106040,34.60,47.50,30.80,33.00
2026-09-03T15:00:01,1108040,34.60,46.70,30.80,33.00
2026-09-03T15:00:03,1110040,34.60,46.40,30.80,33.00
2026-09-03T15:00:05,1112040,34.60,45.70,30.80,33.00
2026-09-03T15:00:07,1114040,34.50,45.10,30.80,33.00
2026-09-03T15:00:09,1116040,34.50,44.80,30.80,33.00
2026-09-03T15:00:11,1118040,34.50,44.50,30.80,33.00
2026-09-03T15:00:13,1120040,34.50,44.10,30.80,33.00
2026-09-03T15:00:15,1122040,34.40,43.90,30.80,33.00
2026-09-03T15:00:17,1124040,34.40,43.70,30.80,33.00
2026-09-03T15:00:19,1126040,34.40,43.40,30.80,33.00
2026-09-03T15:00:21,1128040,34.30,43.20,30.80,33.00
2026-09-03T15:00:23,1130040,34.20,43.00,30.80,33.00
2026-09-03T15:00:25,1132040,34.30,43.20,30.80,33.00
2026-09-03T15:00:27,1134040,34.20,43.40,30.80,33.00
2026-09-03T15:00:29,1136040,34.20,43.60,30.80,33.00
2026-09-03T15:00:31,1138040,34.10,43.40,30.80,33.00
2026-09-03T15:00:33,1140040,34.10,43.40,30.80,33.00
2026-09-03T15:00:35,1142040,34.10,43.50,30.80,33.00
2026-09-03T15:00:37,1144040,34.00,43.40,30.80,33.00
2026-09-03T15:00:39,1146040,34.00,43.40,30.80,33.00
2026-09-03T15:00:41,1148040,33.90,43.30,30.80,33.00
2026-09-03T15:00:43,1150040,33.90,43.20,30.80,33.00
2026-09-03T15:00:45,1152040,33.90,43.10,30.80,33.00
2026-09-03T15:00:47,1154040,33.90,43.00,30.80,33.00
2026-09-03T15:00:49,1156040,33.80,42.80,30.80,33.00
2026-09-03T15:00:51,1158040,33.80,42.80,30.80,33.00
2026-09-03T15:00:53,1160040,33.80,42.80,30.80,33.00
2026-09-03T15:00:55,1162040,33.70,42.80,30.80,33.00
2026-09-03T15:00:57,1164040,33.70,43.10,30.80,33.00
2026-09-03T15:00:59,1166040,33.70,43.30,30.80,33.00
2026-09-03T15:01:01,1168040,33.70,43.70,30.80,33.00
2026-09-03T15:01:03,1170040,33.60,43.70,30.80,33.00
2026-09-03T15:01:05,1172040,33.60,43.80,30.80,33.00
2026-09-03T15:01:07,1174040,33.60,43.80,30.80,33.00
2026-09-03T15:01:09,1176040,33.50,43.90,30.80,33.00
2026-09-03T15:01:11,1178040,33.50,43.90,30.80,33.00
2026-09-03T15:01:13,1180040,33.50,43.60,30.80,33.00
2026-09-03T15:01:15,1182040,33.40,43.30,30.80,33.00
2026-09-03T15:01:17,1184040,33.40,43.00,30.80,33.00
2026-09-03T15:01:19,1186040,33.40,42.90,30.80,33.00
2026-09-03T15:01:21,1188040,33.30,42.70,30.80,33.00
2026-09-03T15:01:23,1190040,33.30,42.70,30.80,33.00
2026-09-03T15:01:25,1192040,33.30,42.70,-99.00,-99.00
2026-09-03T15:01:27,1194040,33.30,42.70,30.80,32.00
2026-09-03T15:01:29,1196040,33.20,42.80,30.80,32.00
2026-09-03T15:01:31,1198040,33.20,42.70,30.80,33.00
2026-09-03T15:01:33,1200040,33.20,42.70,30.80,33.00
2026-09-03T15:01:35,1202040,33.20,42.70,30.80,33.00
2026-09-03T15:01:37,1204040,33.10,42.60,30.80,33.00
2026-09-03T15:01:39,1206040,33.10,42.60,30.80,33.00
2026-09-03T15:01:41,1208040,33.10,42.60,30.80,33.00
2026-09-03T15:01:43,1210040,33.10,42.60,30.80,33.00
2026-09-03T15:01:45,1212040,33.00,42.60,30.80,33.00
2026-09-03T15:01:47,1214040,33.00,42.60,30.80,33.00
2026-09-03T15:01:49,1216040,33.00,42.60,30.80,33.00
2026-09-03T15:01:51,1218040,33.00,42.60,30.80,33.00
2026-09-03T15:01:53,1220040,32.90,42.60,30.80,33.00
2026-09-03T15:01:55,1222040,32.90,42.60,30.80,33.00
2026-09-03T15:01:57,1224040,32.90,42.70,30.80,32.00
2026-09-03T15:01:59,1226040,32.90,42.70,30.80,33.00
2026-09-03T15:02:01,1228040,32.90,42.70,30.80,33.00
2026-09-03T15:02:03,1230040,32.80,42.70,30.80,33.00
2026-09-03T15:02:05,1232040,32.80,42.70,30.80,33.00
2026-09-03T15:02:07,1234040,32.80,42.80,30.80,33.00
2026-09-03T15:02:09,1236040,32.80,42.80,30.80,33.00
2026-09-03T15:02:11,1238040,32.80,42.80,30.80,33.00
2026-09-03T15:02:13,1240040,32.70,42.80,30.80,33.00
2026-09-03T15:02:15,1242040,32.70,42.80,30.80,33.00
2026-09-03T15:02:17,1244040,32.70,42.80,30.80,33.00
2026-09-03T15:02:19,1246040,32.70,42.90,30.80,33.00
2026-09-03T15:02:21,1248040,32.70,42.90,30.80,33.00
2026-09-03T15:02:23,1250040,32.60,42.90,30.80,33.00
2026-09-03T15:02:25,1252040,32.60,42.90,30.80,33.00
2026-09-03T15:02:27,1254040,32.60,42.90,30.80,33.00
2026-09-03T15:02:29,1256040,32.60,43.00,30.80,33.00
2026-09-03T15:02:31,1258040,32.50,42.90,30.80,33.00
2026-09-03T15:02:33,1260040,32.50,42.90,30.80,33.00
2026-09-03T15:02:35,1262040,32.50,42.90,30.80,33.00
2026-09-03T15:02:37,1264040,32.50,43.00,30.80,33.00
2026-09-03T15:02:39,1266040,32.50,43.00,30.80,33.00
2026-09-03T15:02:41,1268040,32.40,42.90,30.80,33.00
2026-09-03T15:02:43,1270040,32.40,43.00,30.80,33.00
2026-09-03T15:02:45,1272040,32.40,43.10,30.80,33.00
2026-09-03T15:02:47,1274040,32.40,43.10,30.80,33.00
2026-09-03T15:02:49,1276040,32.40,43.10,30.80,33.00
2026-09-03T15:02:51,1278040,32.40,43.20,30.80,33.00
2026-09-03T15:02:53,1280040,32.40,43.40,30.80,33.00
2026-09-03T15:02:55,1282040,32.30,43.30,30.80,33.00
2026-09-03T15:02:57,1284040,32.30,43.30,30.80,33.00
2026-09-03T15:02:59,1286040,32.30,43.30,30.80,33.00
2026-09-03T15:03:01,1288040,32.30,43.30,30.80,33.00
2026-09-03T15:03:03,1290040,32.20,43.20,30.80,33.00
2026-09-03T15:03:05,1292040,32.20,43.20,30.80,33.00
2026-09-03T15:03:07,1294040,32.20,43.30,30.80,33.00
2026-09-03T15:03:09,1296040,32.20,43.30,30.80,33.00
2026-09-03T15:03:11,1298040,32.20,43.30,30.80,33.00
2026-09-03T15:03:13,1300040,32.20,43.30,30.80,33.00
2026-09-03T15:03:15,1302040,32.20,43.50,30.80,33.00
2026-09-03T15:03:17,1304040,32.20,43.70,30.80,33.00
2026-09-03T15:03:19,1306040,32.10,43.90,30.80,33.00
2026-09-03T15:03:21,1308040,32.10,43.90,30.80,33.00
2026-09-03T15:03:23,1310040,32.10,43.90,30.80,33.00
2026-09-03T15:03:25,1312040,32.10,43.90,30.80,33.00
2026-09-03T15:03:27,1314040,32.10,44.10,30.80,33.00
2026-09-03T15:03:29,1316040,32.00,44.30,30.80,33.00
2026-09-03T15:03:31,1318040,32.00,44.20,30.80,33.00
2026-09-03T15:03:33,1320040,32.00,44.20,30.80,33.00
2026-09-03T15:03:35,1322040,32.00,44.00,30.80,33.00
2026-09-03T15:03:37,1324040,32.00,44.00,30.80,33.00
2026-09-03T15:03:39,1326040,32.00,43.90,30.80,33.00
2026-09-03T15:03:41,1328040,32.00,43.90,30.80,33.00
2026-09-03T15:03:43,1330040,32.00,43.80,30.80,33.00
2026-09-03T15:03:45,1332040,32.00,43.90,30.80,33.00
2026-09-03T15:03:47,1334040,31.90,44.00,30.80,33.00
2026-09-03T15:03:49,1336040,32.00,44.20,30.80,33.00
2026-09-03T15:03:51,1338040,31.90,44.10,30.80,33.00
2026-09-03T15:03:53,1340040,31.90,44.30,30.80,33.00
2026-09-03T15:03:55,1342040,31.90,44.30,30.80,33.00
2026-09-03T15:03:57,1344040,31.90,44.30,30.80,33.00
2026-09-03T15:03:59,1346040,31.80,44.20,30.80,33.00
2026-09-03T15:04:01,1348040,31.80,44.20,30.80,33.00
2026-09-03T15:04:03,1350040,31.80,44.20,30.80,33.00
2026-09-03T15:04:05,1352040,31.90,44.50,30.80,33.00
2026-09-03T15:04:07,1354040,31.80,44.60,30.80,33.00
2026-09-03T15:04:09,1356040,31.80,44.90,30.80,33.00
2026-09-03T15:04:11,1358040,31.80,45.20,30.80,33.00
2026-09-03T15:04:13,1360040,31.80,45.20,30.80,33.00
2026-09-03T15:04:15,1362040,31.80,45.20,30.80,33.00
2026-09-03T15:04:17,1364040,31.80,45.20,30.80,33.00
2026-09-03T15:04:19,1366040,31.70,45.30,30.80,33.00
2026-09-03T15:04:21,1368040,31.70,45.60,30.80,33.00
2026-09-03T15:04:23,1370040,31.80,45.60,30.80,33.00
2026-09-03T15:04:25,1372040,31.70,45.20,30.80,33.00
2026-09-03T15:04:27,1374040,31.70,45.00,30.80,33.00
2026-09-03T15:04:29,1376040,31.70,44.70,30.80,33.00
2026-09-03T15:04:31,1378040,31.70,44.50,30.80,33.00
2026-09-03T15:04:33,1380040,31.70,44.60,30.80,33.00
2026-09-03T15:04:35,1382040,31.60,45.60,30.80,33.00
2026-09-03T15:04:37,1384040,31.70,45.40,30.80,33.00
2026-09-03T15:04:39,1386040,31.60,49.80,30.80,33.00
2026-09-03T15:04:41,1388040,31.70,75.40,30.80,33.00
2026-09-03T15:04:43,1390040,31.80,88.60,30.80,33.00
2026-09-03T15:04:45,1392040,31.90,93.40,30.80,33.00
2026-09-03T15:04:47,1394040,32.00,96.10,30.80,33.00
2026-09-03T15:04:49,1396040,32.10,97.90,30.80,33.00
2026-09-03T15:04:51,1398040,32.20,99.10,30.80,33.00
2026-09-03T15:04:53,1400040,32.30,99.90,30.80,33.00
2026-09-03T15:04:55,1402040,32.40,99.90,30.80,33.00
2026-09-03T15:04:57,1404040,32.60,99.90,30.80,33.00
2026-09-03T15:04:59,1406040,32.70,99.90,30.80,33.00
2026-09-03T15:05:01,1408040,32.70,99.90,30.80,33.00
2026-09-03T15:05:03,1410040,32.90,99.90,30.80,33.00
2026-09-03T15:05:05,1412040,32.90,99.90,30.80,33.00
2026-09-03T15:05:07,1414040,33.10,99.90,30.80,33.00
2026-09-03T15:05:09,1416040,33.20,99.90,30.80,33.00
2026-09-03T15:05:11,1418040,33.20,99.90,30.80,33.00
2026-09-03T15:05:13,1420040,33.40,99.90,30.80,33.00
2026-09-03T15:05:15,1422040,33.40,99.90,30.80,33.00
2026-09-03T15:05:17,1424040,33.50,99.90,30.80,33.00
2026-09-03T15:05:19,1426040,33.60,99.90,30.80,33.00
2026-09-03T15:05:21,1428040,33.70,99.90,30.80,33.00
2026-09-03T15:05:23,1430040,33.70,99.90,30.80,33.00
2026-09-03T15:05:25,1432040,33.80,99.90,30.80,33.00
2026-09-03T15:05:27,1434040,33.90,99.90,30.80,33.00
2026-09-03T15:05:29,1436040,34.00,99.90,30.80,33.00
2026-09-03T15:05:31,1438040,34.00,99.90,30.80,33.00
2026-09-03T15:05:33,1440040,34.10,99.90,30.80,33.00
2026-09-03T15:05:35,1442040,34.20,99.90,30.80,33.00
2026-09-03T15:05:37,1444040,34.30,99.90,30.80,33.00
2026-09-03T15:05:39,1446040,34.30,99.90,30.80,33.00
2026-09-03T15:05:41,1448040,34.40,99.90,30.80,33.00
2026-09-03T15:05:43,1450040,34.40,99.90,30.80,33.00
2026-09-03T15:05:45,1452040,34.50,99.90,30.80,33.00
2026-09-03T15:05:47,1454040,34.50,99.90,30.80,33.00
2026-09-03T15:05:49,1456040,34.60,99.90,30.80,33.00
2026-09-03T15:05:51,1458040,34.70,99.90,30.80,33.00
2026-09-03T15:05:53,1460040,34.70,99.90,30.80,33.00
2026-09-03T15:05:55,1462040,34.80,99.90,30.80,33.00
2026-09-03T15:05:57,1464040,34.80,99.90,30.80,33.00
2026-09-03T15:05:59,1466040,34.80,99.90,30.80,33.00
2026-09-03T15:06:01,1468040,34.90,99.90,30.80,33.00
2026-09-03T15:06:03,1470040,34.90,99.90,30.80,33.00
2026-09-03T15:06:05,1472040,35.00,99.90,30.80,33.00
2026-09-03T15:06:07,1474040,35.00,99.90,30.80,33.00
2026-09-03T15:06:09,1476040,35.00,99.90,30.80,33.00
2026-09-03T15:06:11,1478040,35.00,96.60,30.80,33.00
2026-09-03T15:06:13,1480040,35.00,84.50,30.80,33.00
2026-09-03T15:06:15,1482040,35.00,71.60,30.80,33.00
2026-09-03T15:06:17,1484040,35.00,62.40,30.80,33.00
2026-09-03T15:06:19,1486040,35.00,56.60,30.80,33.00
2026-09-03T15:06:21,1488040,35.00,52.60,30.80,33.00
2026-09-03T15:06:23,1490040,35.00,49.90,30.80,33.00
2026-09-03T15:06:25,1492040,35.00,47.90,30.80,33.00
2026-09-03T15:06:27,1494040,34.90,46.50,30.80,33.00
2026-09-03T15:06:29,1496040,34.90,45.80,30.80,33.00
2026-09-03T15:06:31,1498040,34.80,45.10,30.80,33.00
2026-09-03T15:06:33,1500040,34.80,44.60,30.80,33.00
2026-09-03T15:06:35,1502040,34.80,44.20,30.80,33.00
2026-09-03T15:06:37,1504040,34.80,43.90,30.80,33.00
2026-09-03T15:06:39,1506040,34.70,43.60,30.80,33.00
2026-09-03T15:06:41,1508040,34.70,43.40,30.80,33.00
2026-09-03T15:06:43,1510040,34.60,43.20,30.80,33.00
2026-09-03T15:06:45,1512040,34.60,43.10,30.80,33.00
2026-09-03T15:06:47,1514040,34.50,42.90,30.80,33.00
2026-09-03T15:06:49,1516040,34.50,42.80,30.80,33.00
2026-09-03T15:06:51,1518040,34.50,42.80,30.80,33.00
2026-09-03T15:06:53,1520040,34.50,42.70,30.80,33.00
2026-09-03T15:06:55,1522040,34.40,42.60,30.80,33.00
2026-09-03T15:06:57,1524040,34.40,42.60,30.80,33.00
2026-09-03T15:06:59,1526040,34.40,42.50,30.80,33.00
2026-09-03T15:07:01,1528040,34.30,42.40,30.80,33.00
2026-09-03T15:07:03,1530040,34.30,42.40,30.80,33.00
2026-09-03T15:07:05,1532040,34.30,42.40,30.80,33.00
2026-09-03T15:07:07,1534040,34.20,42.30,30.80,33.00
2026-09-03T15:07:09,1536040,34.20,42.30,30.80,33.00
2026-09-03T15:07:11,1538040,34.20,42.30,30.80,33.00
2026-09-03T15:07:13,1540040,34.10,42.20,30.80,33.00
2026-09-03T15:07:15,1542040,34.10,42.20,30.80,33.00
2026-09-03T15:07:17,1544040,34.10,42.20,30.80,33.00
2026-09-03T15:07:19,1546040,34.00,42.10,30.80,33.00
2026-09-03T15:07:21,1548040,34.00,42.10,30.80,33.00
2026-09-03T15:07:23,1550040,34.00,42.10,30.80,33.00
2026-09-03T15:07:25,1552040,33.90,42.10,30.80,33.00
2026-09-03T15:07:27,1554040,33.90,42.10,30.80,33.00
2026-09-03T15:07:29,1556040,33.90,42.20,30.80,33.00
2026-09-03T15:07:31,1558040,33.80,42.10,30.80,33.00
2026-09-03T15:07:33,1560040,33.80,42.20,30.80,33.00
2026-09-03T15:07:35,1562040,33.80,42.40,30.80,33.00
2026-09-03T15:07:37,1564040,33.70,42.40,30.80,33.00
2026-09-03T15:07:39,1566040,33.70,42.50,30.80,33.00
2026-09-03T15:07:41,1568040,33.70,42.50,30.80,33.00
2026-09-03T15:07:43,1570040,33.70,42.60,30.80,33.00
2026-09-03T15:07:45,1572040,33.60,42.60,30.80,33.00
2026-09-03T15:07:47,1574040,33.60,42.60,30.80,33.00
2026-09-03T15:07:49,1576040,33.50,42.60,30.80,33.00
2026-09-03T15:07:51,1578040,33.50,42.60,30.80,33.00
2026-09-03T15:07:53,1580040,33.50,42.70,30.80,33.00
2026-09-03T15:07:55,1582040,33.40,42.60,30.80,33.00
2026-09-03T15:07:57,1584040,33.40,42.60,30.80,33.00
2026-09-03T15:07:59,1586040,33.40,42.60,30.80,33.00
2026-09-03T15:08:01,1588040,33.40,42.60,30.80,33.00
2026-09-03T15:08:03,1590040,33.40,42.70,30.80,33.00
2026-09-03T15:08:05,1592040,33.30,42.70,30.80,33.00
2026-09-03T15:08:07,1594040,33.30,42.80,30.80,33.00
2026-09-03T15:08:09,1596040,33.30,42.90,30.80,33.00
2026-09-03T15:08:11,1598040,33.20,42.90,30.80,33.00
2026-09-03T15:08:13,1600040,33.20,43.10,30.80,33.00
2026-09-03T15:08:15,1602040,33.10,43.40,30.80,33.00
2026-09-03T15:08:17,1604040,33.20,43.60,30.80,33.00
2026-09-03T15:08:19,1606040,33.10,43.70,30.80,33.00
2026-09-03T15:08:21,1608040,33.10,43.70,30.80,33.00
2026-09-03T15:08:23,1610040,33.10,43.80,30.80,33.00
2026-09-03T15:08:25,1612040,33.00,43.70,30.80,33.00
2026-09-03T15:08:27,1614040,33.00,43.70,30.80,33.00
2026-09-03T15:08:29,1616040,33.00,43.60,30.80,33.00
2026-09-03T15:08:31,1618040,33.00,43.60,30.80,33.00
2026-09-03T15:08:33,1620040,32.90,43.50,30.80,33.00
2026-09-03T15:08:35,1622040,32.90,43.40,30.80,33.00
2026-09-03T15:08:37,1624040,32.90,43.40,30.80,33.00
2026-09-03T15:08:39,1626040,32.90,43.40,30.80,33.00
2026-09-03T15:08:41,1628040,32.90,43.30,30.80,33.00
2026-09-03T15:08:43,1630040,32.90,43.30,30.80,33.00
2026-09-03T15:08:45,1632040,32.80,43.20,30.80,33.00
2026-09-03T15:08:47,1634040,32.80,43.20,30.80,33.00
2026-09-03T15:08:49,1636040,32.80,43.30,30.80,33.00
2026-09-03T15:08:51,1638040,32.80,43.30,30.80,33.00
2026-09-03T15:08:53,1640040,32.70,43.20,30.80,33.00
2026-09-03T15:08:55,1642040,32.70,43.20,30.80,33.00
2026-09-03T15:08:57,1644040,32.70,43.10,30.80,33.00
2026-09-03T15:08:59,1646040,32.70,43.10,30.80,33.00
2026-09-03T15:09:01,1648040,32.70,43.10,30.80,33.00
2026-09-03T15:09:03,1650040,32.70,43.10,30.70,33.00
2026-09-03T15:09:05,1652040,32.60,43.10,30.70,33.00
2026-09-03T15:09:07,1654040,32.60,43.10,30.70,33.00
2026-09-03T15:09:09,1656040,32.60,43.20,30.80,33.00
2026-09-03T15:09:11,1658040,32.60,43.20,30.80,33.00
2026-09-03T15:09:13,1660040,32.60,43.20,30.70,33.00
2026-09-03T15:09:15,1662040,32.50,43.20,30.70,33.00
2026-09-03T15:09:17,1664040,32.50,43.40,30.60,33.00
2026-09-03T15:09:19,1666040,32.50,43.70,30.60,33.00
2026-09-03T15:09:21,1668040,32.50,43.80,30.50,33.00
2026-09-03T15:09:23,1670040,32.40,43.80,30.30,33.00
2026-09-03T15:09:25,1672040,32.40,43.80,30.30,33.00
2026-09-03T15:09:27,1674040,32.40,44.00,30.20,33.00
2026-09-03T15:09:29,1676040,32.40,44.10,30.20,33.00
2026-09-03T15:09:31,1678040,32.40,44.20,30.20,33.00
2026-09-03T15:09:33,1680040,32.40,44.20,30.20,33.00
2026-09-03T15:09:35,1682040,32.40,44.30,30.20,33.00
2026-09-03T15:09:37,1684040,32.30,44.20,30.20,33.00
2026-09-03T15:09:39,1686040,32.30,44.20,30.20,33.00
2026-09-03T15:09:41,1688040,32.30,44.30,30.20,33.00
2026-09-03T15:09:43,1690040,32.30,44.10,30.20,33.00
2026-09-03T15:09:45,1692040,32.30,44.00,30.20,33.00
2026-09-03T15:09:47,1694040,32.20,44.10,30.20,33.00
2026-09-03T15:09:49,1696040,32.20,44.20,30.20,33.00
2026-09-03T15:09:51,1698040,32.20,44.10,30.20,33.00
2026-09-03T15:09:53,1700040,32.20,44.10,30.20,33.00
2026-09-03T15:09:55,1702040,32.20,44.10,30.20,33.00
2026-09-03T15:09:57,1704040,32.10,44.10,30.20,33.00
2026-09-03T15:09:59,1706040,32.20,44.30,30.20,33.00
2026-09-03T15:10:01,1708040,32.10,44.20,30.20,33.00
2026-09-03T15:10:03,1710040,32.10,44.00,30.20,33.00
2026-09-03T15:10:05,1712040,32.10,43.90,30.20,33.00
2026-09-03T15:10:07,1714040,32.00,43.90,30.20,33.00
2026-09-03T15:10:09,1716040,32.00,44.20,30.20,33.00
2026-09-03T15:10:11,1718040,32.00,44.50,30.20,33.00
2026-09-03T15:10:13,1720040,32.00,44.70,30.20,33.00
2026-09-03T15:10:15,1722040,32.00,44.70,30.20,33.00
2026-09-03T15:10:17,1724040,32.00,44.60,30.20,33.00
2026-09-03T15:10:19,1726040,32.00,44.60,30.20,33.00
2026-09-03T15:10:21,1728040,32.00,44.60,30.20,33.00
2026-09-03T15:10:23,1730040,32.00,44.60,30.20,33.00
2026-09-03T15:10:25,1732040,32.00,44.70,30.20,33.00
2026-09-03T15:10:27,1734040,32.00,44.90,30.20,33.00
2026-09-03T15:10:29,1736040,31.90,44.80,30.20,33.00
2026-09-03T15:10:31,1738040,31.90,44.70,30.20,33.00
2026-09-03T15:10:33,1740040,31.90,44.60,30.20,33.00
2026-09-03T15:10:35,1742040,31.90,44.50,30.20,33.00
2026-09-03T15:10:37,1744040,31.90,44.50,30.20,33.00
2026-09-03T15:10:39,1746040,31.90,44.40,30.20,33.00
2026-09-03T15:10:41,1748040,31.80,44.30,30.20,33.00
2026-09-03T15:10:43,1750040,31.80,44.40,30.20,33.00
2026-09-03T15:10:45,1752040,31.80,44.60,30.20,33.00
2026-09-03T15:10:47,1754040,31.80,44.60,30.20,33.00
2026-09-03T15:10:49,1756040,31.80,44.30,30.20,33.00
2026-09-03T15:10:51,1758040,31.80,44.30,30.20,33.00
2026-09-03T15:10:53,1760040,31.80,44.80,30.20,33.00
2026-09-03T15:10:55,1762040,31.80,45.20,30.20,33.00
2026-09-03T15:10:57,1764040,31.80,45.30,30.20,33.00
2026-09-03T15:10:59,1766040,31.80,45.40,30.20,33.00
2026-09-03T15:11:01,1768040,31.70,45.30,30.20,33.00
2026-09-03T15:11:03,1770040,31.80,45.40,30.20,33.00
2026-09-03T15:11:05,1772040,31.70,45.20,30.20,33.00
2026-09-03T15:11:07,1774040,31.80,45.20,30.20,33.00
2026-09-03T15:11:09,1776040,31.70,45.20,30.20,33.00
2026-09-03T15:11:11,1778040,31.80,74.50,30.20,33.00
2026-09-03T15:11:13,1780040,31.90,90.90,30.20,33.00
2026-09-03T15:11:15,1782040,32.00,96.60,30.20,33.00
2026-09-03T15:11:17,1784040,32.20,99.90,30.20,33.00
2026-09-03T15:11:19,1786040,32.60,99.90,30.20,33.00
2026-09-03T15:11:21,1788040,32.90,99.90,30.20,33.00
2026-09-03T15:11:23,1790040,33.30,99.90,30.20,33.00
2026-09-03T15:11:25,1792040,33.60,99.90,30.20,33.00
2026-09-03T15:11:27,1794040,34.00,99.90,30.20,33.00
2026-09-03T15:11:29,1796040,34.30,99.90,30.20,33.00
2026-09-03T15:11:31,1798040,34.70,99.90,30.20,33.00
2026-09-03T15:11:33,1800040,35.00,99.90,30.20,33.00
2026-09-03T15:11:35,1802040,35.30,99.90,30.20,33.00
2026-09-03T15:11:37,1804040,35.70,99.90,30.20,33.00
2026-09-03T15:11:39,1806040,36.00,99.90,30.20,33.00
2026-09-03T15:11:41,1808040,36.30,99.90,30.20,33.00
2026-09-03T15:11:43,1810040,36.50,99.90,30.20,33.00
2026-09-03T15:11:45,1812040,36.90,99.90,30.20,33.00
2026-09-03T15:11:47,1814040,37.10,99.90,30.20,33.00
2026-09-03T15:11:49,1816040,37.30,99.90,30.20,33.00
2026-09-03T15:11:51,1818040,37.60,99.90,30.20,33.00
2026-09-03T15:11:53,1820040,37.80,99.90,30.20,33.00
2026-09-03T15:11:55,1822040,38.00,99.90,30.20,33.00
2026-09-03T15:11:57,1824040,38.20,99.90,30.20,33.00
2026-09-03T15:11:59,1826040,38.40,99.90,30.20,33.00
2026-09-03T15:12:01,1828040,38.50,99.90,30.20,33.00
2026-09-03T15:12:03,1830040,38.70,99.90,30.20,33.00
2026-09-03T15:12:05,1832040,38.80,99.90,30.20,33.00
2026-09-03T15:12:07,1834040,38.90,99.90,30.20,33.00
2026-09-03T15:12:09,1836040,39.10,99.90,30.20,33.00
2026-09-03T15:12:11,1838040,39.10,99.90,30.20,33.00
2026-09-03T15:12:13,1840040,39.00,99.90,30.20,33.00
2026-09-03T15:12:15,1842040,38.70,99.90,30.20,33.00
2026-09-03T15:12:17,1844040,38.40,99.90,30.20,33.00
2026-09-03T15:12:19,1846040,38.00,99.90,30.20,33.00
2026-09-03T15:12:21,1848040,37.60,99.90,30.20,33.00
2026-09-03T15:12:23,1850040,37.20,99.90,30.20,33.00
2026-09-03T15:12:25,1852040,36.80,99.90,30.20,33.00
2026-09-03T15:12:27,1854040,36.50,99.90,30.20,33.00
2026-09-03T15:12:29,1856040,36.10,99.90,30.20,33.00
2026-09-03T15:12:31,1858040,35.80,99.90,30.20,33.00
2026-09-03T15:12:33,1860040,35.50,99.90,30.20,33.00
2026-09-03T15:12:35,1862040,35.30,99.90,30.20,33.00
2026-09-03T15:12:37,1864040,35.00,99.90,30.20,33.00
2026-09-03T15:12:39,1866040,34.70,99.90,30.20,33.00
2026-09-03T15:12:41,1868040,34.50,99.90,30.20,33.00
2026-09-03T15:12:43,1870040,34.20,99.90,30.20,33.00
2026-09-03T15:12:45,1872040,33.90,99.90,30.20,33.00
2026-09-03T15:12:47,1874040,33.70,99.90,30.20,33.00
2026-09-03T15:12:49,1876040,33.60,99.90,30.20,33.00
2026-09-03T15:12:51,1878040,33.40,99.90,30.20,33.00
2026-09-03T15:12:53,1880040,33.30,95.10,30.20,33.00
2026-09-03T15:12:55,1882040,33.20,87.20,30.20,33.00
2026-09-03T15:12:57,1884040,33.20,75.30,30.20,33.00
2026-09-03T15:12:59,1886040,33.10,66.10,30.20,33.00
2026-09-03T15:13:01,1888040,33.10,60.00,30.20,33.00
2026-09-03T15:13:03,1890040,33.00,55.70,30.20,33.00
2026-09-03T15:13:05,1892040,33.00,52.70,30.20,33.00
2026-09-03T15:13:07,1894040,33.00,50.70,30.20,33.00
2026-09-03T15:13:09,1896040,33.00,49.30,30.20,33.00
2026-09-03T15:13:11,1898040,33.00,48.30,30.20,33.00
2026-09-03T15:13:13,1900040,33.00,47.70,30.20,33.00
2026-09-03T15:13:15,1902040,33.00,47.30,30.20,33.00
2026-09-03T15:13:17,1904040,32.90,46.90,30.20,33.00
2026-09-03T15:13:19,1906040,32.90,46.60,30.20,33.00
2026-09-03T15:13:21,1908040,32.90,46.40,30.20,33.00
2026-09-03T15:13:23,1910040,32.90,46.20,30.20,33.00
2026-09-03T15:13:25,1912040,32.90,46.00,30.20,33.00
2026-09-03T15:13:27,1914040,32.90,45.70,30.20,33.00
2026-09-03T15:13:29,1916040,32.90,45.50,30.20,33.00
2026-09-03T15:13:31,1918040,32.90,45.50,30.20,33.00
2026-09-03T15:13:33,1920040,32.90,45.40,30.20,33.00
2026-09-03T15:13:35,1922040,32.90,45.10,30.20,33.00
2026-09-03T15:13:37,1924040,32.90,45.00,30.20,33.00
2026-09-03T15:13:39,1926040,32.80,44.90,30.20,33.00
2026-09-03T15:13:41,1928040,32.80,44.90,30.20,33.00
2026-09-03T15:13:43,1930040,32.80,44.90,30.20,33.00
2026-09-03T15:13:45,1932040,32.80,44.90,30.20,33.00
2026-09-03T15:13:47,1934040,32.70,44.80,30.20,33.00
2026-09-03T15:13:49,1936040,32.70,44.90,30.20,33.00
2026-09-03T15:13:51,1938040,32.70,45.10,30.20,33.00
2026-09-03T15:13:53,1940040,32.70,45.20,30.20,33.00
2026-09-03T15:13:55,1942040,32.70,45.20,30.20,33.00
2026-09-03T15:13:57,1944040,32.70,45.40,30.20,33.00
2026-09-03T15:13:59,1946040,32.70,45.60,30.20,33.00
2026-09-03T15:14:01,1948040,32.70,45.30,30.20,33.00
2026-09-03T15:14:03,1950040,32.70,45.40,30.20,33.00
2026-09-03T15:14:05,1952040,32.60,45.40,30.20,33.00
2026-09-03T15:14:07,1954040,32.60,45.50,30.20,33.00
2026-09-03T15:14:09,1956040,32.60,45.40,30.20,33.00
2026-09-03T15:14:11,1958040,32.60,45.30,30.20,33.00
2026-09-03T15:14:13,1960040,32.50,45.20,30.20,33.00
2026-09-03T15:14:15,1962040,32.50,45.30,30.20,33.00
2026-09-03T15:14:17,1964040,32.50,45.20,30.20,33.00
2026-09-03T15:14:19,1966040,32.50,45.10,30.20,33.00
2026-09-03T15:14:21,1968040,32.50,45.40,30.20,33.00
2026-09-03T15:14:23,1970040,32.40,45.80,30.20,33.00
2026-09-03T15:14:25,1972040,32.40,46.50,30.20,33.00
2026-09-03T15:14:27,1974040,32.40,46.60,30.20,33.00
2026-09-03T15:14:29,1976040,32.40,46.80,30.20,33.00
2026-09-03T15:14:31,1978040,32.40,46.60,30.20,33.00
2026-09-03T15:14:33,1980040,32.40,46.20,30.20,33.00
2026-09-03T15:14:35,1982040,32.40,46.00,30.20,33.00
2026-09-03T15:14:37,1984040,32.40,45.70,30.20,33.00
2026-09-03T15:14:39,1986040,32.30,45.50,30.20,33.00
2026-09-03T15:14:41,1988040,32.30,45.30,30.20,33.00
2026-09-03T15:14:43,1990040,32.30,45.10,30.20,33.00
2026-09-03T15:14:45,1992040,32.30,45.00,30.20,34.00
2026-09-03T15:14:47,1994040,32.30,44.70,30.20,34.00
2026-09-03T15:14:49,1996040,32.30,44.60,30.30,34.00
2026-09-03T15:14:51,1998040,32.20,44.50,30.30,34.00
2026-09-03T15:14:53,2000040,32.20,44.50,30.30,34.00
2026-09-03T15:14:55,2002040,32.20,44.50,30.30,33.00
2026-09-03T15:14:57,2004040,32.20,44.50,30.20,33.00
2026-09-03T15:14:59,2006040,32.20,44.50,30.20,33.00
2026-09-03T15:15:01,2008040,32.20,44.50,30.20,33.00
2026-09-03T15:15:03,2010040,32.20,44.60,30.20,33.00
2026-09-03T15:15:05,2012040,32.20,44.70,30.20,33.00
2026-09-03T15:15:07,2014040,32.20,44.90,30.30,33.00
2026-09-03T15:15:09,2016040,32.10,45.00,30.30,33.00
2026-09-03T15:15:11,2018040,32.10,45.60,30.30,33.00
2026-09-03T15:15:13,2020040,32.10,46.30,30.30,33.00
2026-09-03T15:15:15,2022040,32.10,46.70,30.30,33.00
2026-09-03T15:15:17,2024040,32.10,46.70,30.50,33.00
2026-09-03T15:15:19,2026040,32.00,46.50,30.50,33.00
2026-09-03T15:15:21,2028040,32.10,46.60,30.50,33.00
2026-09-03T15:15:23,2030040,32.00,46.40,30.60,33.00
2026-09-03T15:15:25,2032040,32.00,46.20,30.60,33.00
2026-09-03T15:15:27,2034040,32.00,46.10,30.60,33.00
2026-09-03T15:15:29,2036040,32.00,45.90,30.60,33.00
2026-09-03T15:15:31,2038040,32.00,45.80,30.60,33.00
2026-09-03T15:15:33,2040040,32.00,45.80,30.60,33.00
2026-09-03T15:15:35,2042040,32.00,45.90,30.60,34.00
2026-09-03T15:15:37,2044040,32.00,46.40,30.60,34.00
2026-09-03T15:15:39,2046040,32.00,46.90,30.60,34.00
2026-09-03T15:15:41,2048040,31.90,47.00,30.60,33.00
2026-09-03T15:15:43,2050040,31.90,46.60,30.60,33.00
2026-09-03T15:15:45,2052040,31.90,46.30,30.50,33.00
2026-09-03T15:15:47,2054040,31.90,46.00,30.30,33.00
2026-09-03T15:15:49,2056040,31.90,45.70,30.30,33.00
2026-09-03T15:15:51,2058040,31.80,45.80,30.30,33.00
2026-09-03T15:15:53,2060040,31.90,46.30,30.20,33.00
2026-09-03T15:15:55,2062040,31.80,46.50,30.20,33.00
2026-09-03T15:15:57,2064040,31.80,46.20,30.20,33.00
2026-09-03T15:15:59,2066040,31.90,46.10,30.20,33.00
2026-09-03T15:16:01,2068040,31.80,46.40,30.20,33.00
2026-09-03T15:16:03,2070040,31.80,46.40,30.20,33.00
2026-09-03T15:16:05,2072040,31.80,46.00,30.20,33.00
2026-09-03T15:16:07,2074040,31.80,45.70,30.20,33.00
2026-09-03T15:16:09,2076040,31.80,45.40,30.20,33.00
2026-09-03T15:16:11,2078040,31.80,45.20,30.30,33.00
2026-09-03T15:16:13,2080040,31.80,45.10,30.20,33.00
2026-09-03T15:16:15,2082040,31.80,45.10,30.20,33.00
2026-09-03T15:16:17,2084040,31.80,45.10,30.30,33.00
2026-09-03T15:16:19,2086040,31.70,45.00,30.30,33.00
2026-09-03T15:16:21,2088040,31.70,45.00,30.30,33.00
2026-09-03T15:16:23,2090040,31.80,45.10,30.30,33.00
2026-09-03T15:16:25,2092040,31.80,45.10,30.30,33.00
2026-09-03T15:16:27,2094040,31.70,45.00,30.30,33.00
2026-09-03T15:16:29,2096040,31.70,44.90,30.30,33.00
2026-09-03T15:16:31,2098040,31.70,44.90,30.30,33.00
2026-09-03T15:16:33,2100040,31.70,44.90,30.30,33.00
2026-09-03T15:16:35,2102040,31.70,45.00,30.30,33.00
2026-09-03T15:16:37,2104040,31.60,44.90,30.50,33.00
2026-09-03T15:16:39,2106040,31.60,45.00,30.50,33.00
2026-09-03T15:16:41,2108040,31.60,45.00,30.60,33.00
2026-09-03T15:16:43,2110040,31.60,45.00,30.60,33.00
2026-09-03T15:16:45,2112040,31.60,45.00,30.60,33.00
2026-09-03T15:16:47,2114040,31.60,45.00,30.60,33.00
2026-09-03T15:16:49,2116040,31.60,45.00,30.70,33.00
2026-09-03T15:16:51,2118040,31.60,45.10,30.70,33.00
2026-09-03T15:16:53,2120040,31.60,45.10,30.70,33.00
2026-09-03T15:16:55,2122040,31.60,45.10,30.80,33.00
2026-09-03T15:16:57,2124040,31.60,45.40,30.80,33.00
2026-09-03T15:16:59,2126040,31.60,45.90,30.80,33.00
2026-09-03T15:17:01,2128040,31.60,46.10,30.80,33.00
2026-09-03T15:17:03,2130040,31.50,46.00,30.80,33.00
2026-09-03T15:17:05,2132040,31.50,46.00,30.80,33.00
2026-09-03T15:17:07,2134040,31.60,46.00,30.80,33.00
2026-09-03T15:17:09,2136040,31.60,46.00,30.80,33.00
2026-09-03T15:17:11,2138040,31.50,46.00,30.80,33.00
2026-09-03T15:17:13,2140040,31.50,75.00,30.80,33.00
2026-09-03T15:17:15,2142040,31.70,92.70,30.80,33.00
2026-09-03T15:17:17,2144040,31.90,98.60,30.80,33.00
2026-09-03T15:17:19,2146040,32.10,99.90,30.80,33.00
2026-09-03T15:17:21,2148040,32.50,99.90,30.80,33.00
2026-09-03T15:17:23,2150040,32.90,99.90,30.80,33.00
2026-09-03T15:17:25,2152040,33.30,99.90,30.80,33.00
2026-09-03T15:17:27,2154040,33.70,99.90,30.80,33.00
2026-09-03T15:17:29,2156040,34.00,99.90,30.80,33.00
2026-09-03T15:17:31,2158040,34.40,99.90,30.80,33.00
2026-09-03T15:17:33,2160040,34.70,99.90,30.80,34.00
2026-09-03T15:17:35,2162040,35.10,99.90,30.80,34.00
2026-09-03T15:17:37,2164040,35.30,99.90,30.80,34.00
2026-09-03T15:17:39,2166040,35.60,99.90,30.80,34.00
2026-09-03T15:17:41,2168040,35.90,99.90,30.80,34.00
2026-09-03T15:17:43,2170040,36.10,99.90,30.80,34.00
2026-09-03T15:17:45,2172040,36.30,99.90,30.80,34.00
2026-09-03T15:17:47,2174040,36.50,99.90,30.80,34.00
2026-09-03T15:17:49,2176040,36.70,99.90,30.80,34.00
2026-09-03T15:17:51,2178040,36.80,99.90,30.80,33.00
2026-09-03T15:17:53,2180040,37.00,99.90,30.80,33.00
2026-09-03T15:17:55,2182040,37.20,99.90,30.80,33.00
2026-09-03T15:17:57,2184040,37.30,99.90,30.80,33.00
2026-09-03T15:17:59,2186040,37.50,99.90,30.80,33.00
2026-09-03T15:18:01,2188040,37.60,99.90,30.80,33.00
2026-09-03T15:18:03,2190040,37.70,99.90,30.80,33.00
2026-09-03T15:18:05,2192040,37.80,99.90,30.80,33.00
2026-09-03T15:18:07,2194040,37.90,99.90,30.80,33.00
2026-09-03T15:18:09,2196040,38.00,99.90,30.80,33.00
2026-09-03T15:18:11,2198040,38.20,99.90,30.80,33.00
2026-09-03T15:18:13,2200040,38.00,99.90,30.80,33.00
2026-09-03T15:18:15,2202040,37.80,99.90,30.80,33.00
2026-09-03T15:18:17,2204040,37.50,99.90,30.80,34.00
2026-09-03T15:18:19,2206040,37.20,99.90,30.80,34.00
2026-09-03T15:18:21,2208040,36.90,99.90,30.80,34.00
2026-09-03T15:18:23,2210040,36.60,99.90,30.80,34.00
2026-09-03T15:18:25,2212040,36.30,99.90,30.80,34.00
2026-09-03T15:18:27,2214040,36.00,99.90,30.80,34.00
2026-09-03T15:18:29,2216040,35.70,99.90,30.80,34.00
2026-09-03T15:18:31,2218040,35.40,99.90,30.80,34.00
2026-09-03T15:18:33,2220040,35.10,99.90,30.80,34.00
2026-09-03T15:18:35,2222040,34.80,99.90,30.80,34.00
2026-09-03T15:18:37,2224040,34.50,99.90,30.80,34.00
2026-09-03T15:18:39,2226040,34.30,99.90,30.80,34.00
2026-09-03T15:18:41,2228040,34.00,99.90,30.80,34.00
2026-09-03T15:18:43,2230040,33.80,99.90,30.80,34.00
2026-09-03T15:18:45,2232040,33.50,99.90,30.80,34.00
2026-09-03T15:18:47,2234040,33.30,98.60,30.80,34.00
2026-09-03T15:18:49,2236040,33.10,93.60,30.80,34.00
2026-09-03T15:18:51,2238040,32.90,85.70,30.80,34.00
2026-09-03T15:18:53,2240040,32.80,76.20,30.80,34.00
2026-09-03T15:18:55,2242040,32.70,68.40,30.80,34.00
2026-09-03T15:18:57,2244040,32.50,63.40,30.80,34.00
2026-09-03T15:18:59,2246040,32.40,59.40,30.80,34.00
2026-09-03T15:19:01,2248040,32.40,55.70,30.80,34.00
2026-09-03T15:19:03,2250040,32.40,53.00,30.80,34.00
2026-09-03T15:19:05,2252040,32.30,51.00,30.80,34.00
2026-09-03T15:19:07,2254040,32.30,49.70,30.80,34.00
2026-09-03T15:19:09,2256040,32.30,48.80,30.80,34.00
2026-09-03T15:19:11,2258040,32.30,48.10,30.80,34.00
2026-09-03T15:19:13,2260040,32.30,47.60,30.80,34.00
2026-09-03T15:19:15,2262040,32.30,47.30,30.80,34.00
2026-09-03T15:19:17,2264040,32.20,47.10,30.80,34.00
2026-09-03T15:19:19,2266040,32.20,47.20,30.80,34.00
2026-09-03T15:19:21,2268040,32.20,47.20,30.80,34.00
2026-09-03T15:19:23,2270040,32.20,47.20,30.80,34.00
2026-09-03T15:19:25,2272040,32.20,47.30,30.80,34.00
2026-09-03T15:19:27,2274040,32.20,47.60,30.80,34.00
2026-09-03T15:19:29,2276040,32.20,47.40,30.80,34.00
2026-09-03T15:19:31,2278040,32.20,47.00,30.80,34.00
2026-09-03T15:19:33,2280040,32.20,46.80,30.80,34.00
2026-09-03T15:19:35,2282040,32.20,46.70,30.80,34.00
2026-09-03T15:19:37,2284040,32.20,46.60,30.80,33.00
2026-09-03T15:19:39,2286040,32.20,46.40,30.80,33.00
2026-09-03T15:19:41,2288040,32.20,46.20,30.80,33.00
2026-09-03T15:19:43,2290040,32.20,46.00,30.80,33.00
2026-09-03T15:19:45,2292040,32.10,45.80,30.80,33.00
2026-09-03T15:19:47,2294040,32.10,45.70,30.80,33.00
2026-09-03T15:19:49,2296040,32.20,45.70,30.80,33.00
2026-09-03T15:19:51,2298040,32.10,45.60,30.80,33.00
2026-09-03T15:19:53,2300040,32.10,45.70,30.80,33.00
2026-09-03T15:19:55,2302040,32.10,45.70,30.80,33.00
2026-09-03T15:19:57,2304040,32.00,45.70,30.80,33.00
2026-09-03T15:19:59,2306040,32.00,45.80,30.80,33.00
2026-09-03T15:20:01,2308040,32.00,45.80,30.80,33.00
2026-09-03T15:20:03,2310040,32.00,45.90,30.80,33.00
2026-09-03T15:20:05,2312040,32.00,45.90,30.80,33.00
2026-09-03T15:20:07,2314040,32.00,45.90,30.80,33.00
2026-09-03T15:20:09,2316040,32.00,45.90,30.80,33.00
2026-09-03T15:20:11,2318040,32.00,45.90,30.80,33.00
2026-09-03T15:20:13,2320040,31.90,46.00,30.80,33.00
2026-09-03T15:20:15,2322040,31.90,46.30,30.80,33.00
2026-09-03T15:20:17,2324040,32.00,46.90,30.80,33.00
2026-09-03T15:20:19,2326040,31.90,47.30,30.80,33.00
2026-09-03T15:20:21,2328040,31.90,47.50,30.80,33.00
2026-09-03T15:20:23,2330040,31.90,47.60,30.80,33.00
2026-09-03T15:20:25,2332040,31.80,47.80,30.80,33.00
2026-09-03T15:20:27,2334040,31.80,48.30,30.80,33.00
2026-09-03T15:20:29,2336040,31.80,48.90,30.80,33.00
2026-09-03T15:20:31,2338040,31.80,49.40,30.80,33.00
2026-09-03T15:20:33,2340040,31.80,49.60,30.80,33.00
2026-09-03T15:20:35,2342040,31.80,49.80,30.80,33.00
2026-09-03T15:20:37,2344040,31.80,49.50,30.80,33.00
2026-09-03T15:20:39,2346040,31.80,48.80,30.80,33.00
2026-09-03T15:20:41,2348040,31.80,48.00,30.80,33.00
2026-09-03T15:20:43,2350040,31.80,47.40,30.80,33.00
2026-09-03T15:20:45,2352040,31.70,46.90,30.80,33.00
2026-09-03T15:20:47,2354040,31.70,46.60,30.80,33.00
2026-09-03T15:20:49,2356040,31.70,46.50,30.80,33.00
2026-09-03T15:20:51,2358040,31.70,46.30,30.80,33.00
2026-09-03T15:20:53,2360040,31.70,46.40,30.80,33.00
2026-09-03T15:20:55,2362040,31.70,47.70,30.80,33.00
2026-09-03T15:20:57,2364040,31.70,49.00,30.80,33.00
2026-09-03T15:20:59,2366040,31.60,49.80,30.80,33.00
2026-09-03T15:21:01,2368040,31.60,49.60,30.80,33.00
2026-09-03T15:21:03,2370040,31.60,48.90,30.80,33.00
2026-09-03T15:21:05,2372040,31.60,48.30,30.80,33.00
2026-09-03T15:21:07,2374040,31.60,47.60,30.80,33.00
2026-09-03T15:21:09,2376040,31.60,47.60,30.80,33.00
2026-09-03T15:21:11,2378040,31.60,47.90,30.80,33.00
2026-09-03T15:21:13,2380040,31.60,47.60,30.80,33.00
2026-09-03T15:21:15,2382040,31.60,47.30,30.80,33.00
2026-09-03T15:21:17,2384040,31.50,46.80,30.80,33.00
2026-09-03T15:21:19,2386040,31.50,46.50,30.80,33.00
2026-09-03T15:21:21,2388040,31.50,46.20,30.80,33.00
2026-09-03T15:21:23,2390040,31.50,46.10,30.80,33.00
2026-09-03T15:21:25,2392040,31.50,46.00,30.80,33.00
2026-09-03T15:21:27,2394040,31.50,45.90,30.80,33.00
2026-09-03T15:21:29,2396040,31.50,46.00,30.80,33.00
2026-09-03T15:21:31,2398040,31.50,46.30,30.80,33.00
2026-09-03T15:21:33,2400040,31.50,46.40,30.80,33.00
2026-09-03T15:21:35,2402040,31.40,46.30,30.80,33.00
2026-09-03T15:21:37,2404040,31.40,46.20,30.80,33.00
2026-09-03T15:21:39,2406040,31.40,46.20,30.80,33.00
2026-09-03T15:21:41,2408040,31.40,46.40,30.80,33.00
2026-09-03T15:21:43,2410040,31.40,46.60,30.80,33.00
2026-09-03T15:21:45,2412040,31.40,46.90,30.80,33.00
2026-09-03T15:21:47,2414040,31.40,47.10,30.80,33.00
2026-09-03T15:21:49,2416040,31.40,47.20,30.80,33.00
2026-09-03T15:21:51,2418040,31.40,47.30,30.80,33.00
2026-09-03T15:21:53,2420040,31.40,47.60,30.80,33.00
2026-09-03T15:21:55,2422040,31.30,47.80,30.80,33.00
2026-09-03T15:21:57,2424040,31.30,48.00,30.80,34.00
2026-09-03T15:21:59,2426040,31.30,48.30,30.80,34.00
2026-09-03T15:22:01,2428040,31.30,48.00,30.80,34.00
2026-09-03T15:22:03,2430040,31.30,47.70,30.80,34.00
2026-09-03T15:22:05,2432040,31.30,47.50,30.80,34.00
2026-09-03T15:22:07,2434040,31.30,47.60,30.80,34.00
2026-09-03T15:22:09,2436040,31.30,47.80,30.80,34.00
2026-09-03T15:22:11,2438040,31.20,47.60,30.80,34.00
2026-09-03T15:22:13,2440040,31.20,47.70,30.80,34.00
2026-09-03T15:22:15,2442040,31.20,47.50,30.80,34.00
2026-09-03T15:22:17,2444040,31.20,47.60,30.80,34.00
2026-09-03T15:22:19,2446040,31.20,47.90,30.80,34.00
2026-09-03T15:22:21,2448040,31.20,47.90,30.80,34.00
2026-09-03T15:22:23,2450040,31.20,48.00,30.80,34.00
2026-09-03T15:22:25,2452040,31.20,48.00,30.80,34.00
2026-09-03T15:22:27,2454040,31.20,48.40,30.80,34.00
2026-09-03T15:22:29,2456040,31.20,48.90,30.80,34.00
2026-09-03T15:22:31,2458040,31.20,49.40,30.80,34.00
2026-09-03T15:22:33,2460040,31.20,49.20,30.80,34.00
2026-09-03T15:22:35,2462040,31.20,49.00,30.80,34.00
2026-09-03T15:22:37,2464040,31.10,49.10,30.80,34.00
2026-09-03T15:22:39,2466040,31.10,49.90,30.80,34.00
2026-09-03T15:22:41,2468040,31.10,49.90,30.80,34.00
2026-09-03T15:22:43,2470040,31.10,49.80,30.80,34.00
2026-09-03T15:22:45,2472040,31.10,50.00,30.80,34.00
2026-09-03T15:22:47,2474040,31.10,50.00,30.80,34.00
2026-09-03T15:22:49,2476040,31.10,49.50,30.80,34.00
2026-09-03T15:22:51,2478040,31.10,49.30,30.80,34.00
2026-09-03T15:22:53,2480040,31.10,49.20,30.80,34.00
2026-09-03T15:22:55,2482040,31.10,49.10,30.80,34.00
2026-09-03T15:22:57,2484040,31.10,48.90,30.80,34.00
2026-09-03T15:22:59,2486040,31.10,48.50,30.80,34.00
2026-09-03T15:23:01,2488040,31.10,48.00,30.80,34.00
2026-09-03T15:23:03,2490040,31.10,47.60,30.80,34.00
2026-09-03T15:23:05,2492040,31.10,47.90,30.80,34.00
2026-09-03T15:23:07,2494040,31.10,48.00,30.80,34.00
2026-09-03T15:23:09,2496040,31.10,47.90,30.80,34.00
2026-09-03T15:23:11,2498040,31.00,48.10,30.80,34.00
2026-09-03T15:23:13,2500040,31.00,47.50,30.80,34.00
2026-09-03T15:23:15,2502040,30.90,48.20,30.80,34.00
2026-09-03T15:23:17,2504040,30.90,48.80,30.80,34.00
2026-09-03T15:23:19,2506040,30.70,51.60,30.80,34.00
2026-09-03T15:23:21,2508040,30.70,48.50,30.80,34.00
2026-09-03T15:23:23,2510040,30.60,47.00,30.80,34.00
2026-09-03T15:23:25,2512040,30.50,45.20,30.80,34.00
2026-09-03T15:23:27,2514040,30.50,43.40,30.80,34.00
2026-09-03T15:23:29,2516040,30.40,42.30,30.80,34.00
2026-09-03T15:23:31,2518040,30.30,42.10,30.80,34.00
2026-09-03T15:23:33,2520040,30.20,42.10,30.80,34.00
2026-09-03T15:23:35,2522040,30.10,42.00,30.80,34.00
2026-09-03T15:23:37,2524040,30.00,41.80,30.80,34.00
2026-09-03T15:23:39,2526040,30.00,41.70,30.80,34.00
2026-09-03T15:23:41,2528040,29.90,42.20,30.80,34.00
2026-09-03T15:23:43,2530040,29.80,42.80,30.80,34.00
2026-09-03T15:23:45,2532040,29.70,43.80,30.80,34.00
2026-09-03T15:23:47,2534040,29.60,44.80,30.80,34.00
2026-09-03T15:23:49,2536040,29.50,46.00,30.80,34.00
2026-09-03T15:23:51,2538040,29.50,46.70,30.80,34.00
2026-09-03T15:23:53,2540040,29.40,46.80,30.80,34.00
2026-09-03T15:23:55,2542040,29.30,46.80,30.80,34.00
2026-09-03T15:23:57,2544040,29.20,46.90,30.80,34.00
2026-09-03T15:23:59,2546040,29.20,47.10,30.80,34.00
2026-09-03T15:24:01,2548040,29.20,47.40,30.80,34.00
2026-09-03T15:24:03,2550040,29.10,47.60,30.80,34.00
2026-09-03T15:24:05,2552040,29.00,47.60,30.80,34.00
2026-09-03T15:24:07,2554040,29.00,47.70,30.80,34.00
2026-09-03T15:24:09,2556040,28.90,47.30,30.80,34.00
2026-09-03T15:24:11,2558040,28.90,47.10,30.80,34.00
2026-09-03T15:24:13,2560040,28.90,47.30,30.80,34.00
2026-09-03T15:24:15,2562040,28.80,47.40,30.80,34.00
2026-09-03T15:24:17,2564040,28.80,47.80,30.80,34.00
2026-09-03T15:24:19,2566040,28.70,48.00,30.80,34.00
2026-09-03T15:24:21,2568040,28.70,48.10,30.80,34.00
2026-09-03T15:24:23,2570040,28.60,48.00,30.80,34.00
2026-09-03T15:24:25,2572040,28.60,48.10,30.80,34.00
2026-09-03T15:24:27,2574040,28.60,48.10,30.80,34.00
2026-09-03T15:24:29,2576040,28.50,48.10,30.80,34.00
2026-09-03T15:24:31,2578040,28.50,48.30,30.80,34.00
2026-09-03T15:24:33,2580040,28.50,48.30,30.80,34.00
2026-09-03T15:24:35,2582040,28.50,48.20,30.80,34.00
2026-09-03T15:24:37,2584040,28.40,48.30,30.80,34.00
2026-09-03T15:24:39,2586040,28.40,48.50,30.80,34.00
2026-09-03T15:24:41,2588040,28.40,48.30,30.80,34.00
2026-09-03T15:24:43,2590040,28.30,48.10,30.80,34.00
2026-09-03T15:24:45,2592040,28.30,47.80,30.80,34.00
2026-09-03T15:24:47,2594040,28.30,47.50,30.80,34.00
2026-09-03T15:24:49,2596040,28.20,47.40,30.80,34.00
2026-09-03T15:24:51,2598040,28.20,47.50,30.80,34.00
2026-09-03T15:24:53,2600040,28.20,47.40,30.80,34.00
2026-09-03T15:24:55,2602040,28.10,47.20,30.80,34.00
2026-09-03T15:24:57,2604040,28.10,47.30,30.80,34.00
2026-09-03T15:24:59,2606040,28.10,47.50,30.80,34.00
2026-09-03T15:25:01,2608040,28.00,47.60,30.80,34.00
2026-09-03T15:25:03,2610040,28.00,47.60,30.80,34.00
2026-09-03T15:25:05,2612040,27.90,47.60,30.80,34.00
2026-09-03T15:25:07,2614040,27.90,47.80,30.80,34.00
2026-09-03T15:25:09,2616040,27.80,47.90,30.80,34.00
2026-09-03T15:25:11,2618040,27.80,48.30,30.80,34.00
2026-09-03T15:25:13,2620040,27.80,48.80,30.80,34.00
2026-09-03T15:25:15,2622040,27.80,49.40,30.80,34.00
2026-09-03T15:25:17,2624040,27.80,49.90,30.80,34.00
2026-09-03T15:25:19,2626040,27.80,50.20,30.80,34.00
2026-09-03T15:25:21,2628040,27.80,50.50,30.80,34.00
2026-09-03T15:25:23,2630040,27.80,50.70,30.80,34.00
2026-09-03T15:25:25,2632040,27.80,50.90,30.80,34.00
2026-09-03T15:25:27,2634040,27.80,51.10,30.80,34.00
2026-09-03T15:25:29,2636040,27.80,51.30,30.80,34.00
2026-09-03T15:25:31,2638040,27.80,51.50,30.80,34.00
2026-09-03T15:25:33,2640040,27.80,51.70,30.80,34.00
2026-09-03T15:25:35,2642040,27.80,51.70,30.80,34.00
2026-09-03T15:25:37,2644040,27.90,51.60,30.80,34.00
2026-09-03T15:25:39,2646040,27.90,54.80,30.80,34.00
2026-09-03T15:25:41,2648040,27.90,55.40,30.80,34.00
2026-09-03T15:25:43,2650040,27.90,54.80,30.80,34.00
2026-09-03T15:25:45,2652040,27.90,54.60,30.80,34.00
2026-09-03T15:25:47,2654040,27.90,53.80,30.80,34.00
2026-09-03T15:25:49,2656040,28.00,53.20,30.80,34.00
2026-09-03T15:25:51,2658040,28.00,52.90,30.80,34.00
2026-09-03T15:25:53,2660040,28.00,52.70,30.80,34.00
2026-09-03T15:25:55,2662040,28.00,52.60,30.80,34.00
2026-09-03T15:25:57,2664040,28.00,52.70,30.80,34.00
2026-09-03T15:25:59,2666040,28.00,52.80,30.80,34.00
2026-09-03T15:26:01,2668040,28.10,52.80,30.80,34.00
2026-09-03T15:26:03,2670040,28.10,52.60,30.80,34.00
2026-09-03T15:26:05,2672040,28.10,52.50,30.80,34.00
2026-09-03T15:26:07,2674040,28.10,52.60,30.80,34.00
2026-09-03T15:26:09,2676040,28.10,52.70,30.80,34.00
2026-09-03T15:26:11,2678040,28.10,52.70,30.80,34.00
2026-09-03T15:26:13,2680040,28.10,52.80,30.80,34.00
2026-09-03T15:26:15,2682040,28.10,52.80,30.80,34.00
2026-09-03T15:26:17,2684040,28.20,52.80,30.80,34.00
2026-09-03T15:26:19,2686040,28.10,52.60,30.80,34.00
2026-09-03T15:26:21,2688040,28.20,52.60,30.80,34.00
2026-09-03T15:26:23,2690040,28.20,52.50,30.80,34.00
2026-09-03T15:26:25,2692040,28.20,52.40,30.80,34.00
2026-09-03T15:26:27,2694040,28.20,52.30,30.80,34.00
2026-09-03T15:26:29,2696040,28.30,52.30,30.80,34.00
2026-09-03T15:26:31,2698040,28.30,52.20,30.80,34.00
2026-09-03T15:26:33,2700040,28.30,52.10,30.80,34.00
2026-09-03T15:26:35,2702040,28.30,52.00,30.80,34.00
2026-09-03T15:26:37,2704040,28.30,51.90,30.80,34.00
2026-09-03T15:26:39,2706040,28.30,51.80,30.80,34.00
2026-09-03T15:26:41,2708040,28.30,51.80,30.80,34.00
2026-09-03T15:26:43,2710040,28.30,51.70,30.80,34.00
2026-09-03T15:26:45,2712040,28.40,51.70,30.80,34.00
2026-09-03T15:26:47,2714040,28.40,51.50,30.80,34.00
2026-09-03T15:26:49,2716040,28.40,51.50,30.80,34.00
2026-09-03T15:26:51,2718040,28.40,51.40,30.80,34.00
2026-09-03T15:26:53,2720040,28.40,51.50,30.80,34.00
2026-09-03T15:26:55,2722040,28.40,51.50,30.80,34.00
2026-09-03T15:26:57,2724040,28.40,51.50,30.80,34.00
2026-09-03T15:26:59,2726040,28.50,51.50,30.80,34.00
2026-09-03T15:27:01,2728040,28.50,51.70,30.80,34.00
2026-09-03T15:27:03,2730040,28.50,51.90,30.80,34.00
2026-09-03T15:27:05,2732040,28.50,52.00,30.80,34.00
2026-09-03T15:27:07,2734040,28.50,51.90,30.80,34.00
2026-09-03T15:27:09,2736040,28.50,51.80,30.80,34.00
2026-09-03T15:27:11,2738040,28.50,51.80,30.80,34.00
2026-09-03T15:27:13,2740040,28.50,51.80,30.80,34.00
2026-09-03T15:27:15,2742040,28.60,51.90,30.80,34.00
2026-09-03T15:27:17,2744040,28.60,51.90,30.80,34.00
2026-09-03T15:27:19,2746040,28.60,51.90,30.80,34.00
2026-09-03T15:27:21,2748040,28.60,52.20,30.80,34.00
2026-09-03T15:27:23,2750040,28.60,52.00,30.80,34.00
2026-09-03T15:27:25,2752040,28.60,51.90,30.80,34.00
2026-09-03T15:27:27,2754040,28.60,51.80,30.80,34.00
2026-09-03T15:27:29,2756040,28.60,51.80,30.80,34.00
2026-09-03T15:27:31,2758040,28.60,51.80,30.80,34.00
2026-09-03T15:27:33,2760040,28.60,51.80,30.80,34.00
2026-09-03T15:27:35,2762040,28.60,51.80,30.80,34.00
2026-09-03T15:27:37,2764040,28.60,51.70,30.80,34.00
2026-09-03T15:27:39,2766040,28.70,51.80,30.80,34.00
2026-09-03T15:27:41,2768040,28.60,51.60,30.80,34.00
2026-09-03T15:27:43,2770040,28.70,51.70,30.80,34.00
2026-09-03T15:27:45,2772040,28.70,51.80,30.80,34.00
2026-09-03T15:27:47,2774040,28.70,51.80,30.80,34.00
2026-09-03T15:27:49,2776040,28.70,51.80,30.80,34.00
2026-09-03T15:27:51,2778040,28.70,51.80,30.80,34.00
2026-09-03T15:27:53,2780040,28.70,51.70,30.80,34.00
2026-09-03T15:27:55,2782040,28.70,51.70,30.80,34.00
2026-09-03T15:27:57,2784040,28.70,51.60,30.80,34.00
2026-09-03T15:27:59,2786040,28.80,51.80,30.80,34.00
2026-09-03T15:28:01,2788040,28.80,53.90,30.80,34.00
2026-09-03T15:28:03,2790040,28.80,57.60,30.80,34.00
2026-09-03T15:28:05,2792040,28.80,55.90,30.80,34.00
2026-09-03T15:28:07,2794040,28.80,54.90,30.80,34.00
2026-09-03T15:28:09,2796040,28.80,53.90,30.80,34.00
2026-09-03T15:28:11,2798040,28.80,53.20,30.80,34.00
2026-09-03T15:28:13,2800040,28.80,52.80,30.80,34.00
2026-09-03T15:28:15,2802040,28.90,52.40,30.80,34.00
2026-09-03T15:28:17,2804040,28.90,52.20,30.80,34.00
2026-09-03T15:28:19,2806040,28.90,52.00,30.80,34.00
2026-09-03T15:28:21,2808040,28.90,51.80,30.80,34.00
2026-09-03T15:28:23,2810040,28.90,51.80,30.80,34.00
2026-09-03T15:28:25,2812040,28.90,51.60,30.80,34.00
2026-09-03T15:28:27,2814040,28.90,51.60,30.80,34.00
2026-09-03T15:28:29,2816040,28.90,51.80,30.80,34.00
2026-09-03T15:28:31,2818040,28.90,52.20,30.80,34.00
2026-09-03T15:28:33,2820040,28.90,52.70,30.80,34.00
2026-09-03T15:28:35,2822040,28.90,52.70,30.80,34.00
2026-09-03T15:28:37,2824040,28.90,52.90,30.80,34.00
2026-09-03T15:28:39,2826040,29.00,53.10,30.80,34.00
2026-09-03T15:28:41,2828040,28.90,52.60,30.80,34.00
2026-09-03T15:28:43,2830040,29.00,52.80,30.80,34.00
2026-09-03T15:28:45,2832040,29.00,52.80,30.80,34.00
2026-09-03T15:28:47,2834040,29.00,52.80,30.80,34.00
2026-09-03T15:28:49,2836040,29.00,52.80,30.80,34.00
2026-09-03T15:28:51,2838040,29.00,52.60,30.80,34.00
2026-09-03T15:28:53,2840040,29.00,52.40,30.80,34.00
2026-09-03T15:28:55,2842040,29.00,52.00,30.80,34.00
2026-09-03T15:28:57,2844040,29.00,51.90,30.80,34.00
2026-09-03T15:28:59,2846040,29.00,51.90,30.80,34.00
2026-09-03T15:29:01,2848040,29.00,52.60,30.80,34.00
2026-09-03T15:29:03,2850040,29.00,53.10,30.80,34.00
2026-09-03T15:29:05,2852040,29.10,53.00,30.80,34.00
2026-09-03T15:29:07,2854040,29.10,52.80,30.80,34.00
2026-09-03T15:29:09,2856040,29.10,52.70,30.80,34.00
2026-09-03T15:29:11,2858040,29.10,52.30,30.80,34.00
2026-09-03T15:29:13,2860040,29.10,52.00,30.80,34.00
2026-09-03T15:29:15,2862040,29.10,52.00,30.80,34.00
2026-09-03T15:29:17,2864040,29.10,51.70,30.80,34.00
2026-09-03T15:29:19,2866040,29.10,51.50,30.80,34.00
2026-09-03T15:29:21,2868040,29.10,51.30,30.80,34.00
2026-09-03T15:29:23,2870040,29.10,51.80,30.80,34.00
2026-09-03T15:29:25,2872040,29.10,52.20,30.80,34.00
2026-09-03T15:29:27,2874040,29.10,52.30,30.80,34.00
2026-09-03T15:29:29,2876040,29.10,52.30,30.80,34.00
2026-09-03T15:29:31,2878040,29.10,52.30,30.80,34.00
2026-09-03T15:29:33,2880040,29.10,52.10,30.80,34.00
2026-09-03T15:29:35,2882040,29.10,51.80,30.80,34.00
2026-09-03T15:29:37,2884040,29.20,51.50,30.80,34.00
2026-09-03T15:29:39,2886040,29.10,51.30,30.80,34.00
2026-09-03T15:29:41,2888040,29.20,51.30,30.80,34.00
2026-09-03T15:29:43,2890040,29.20,51.00,30.80,34.00
2026-09-03T15:29:45,2892040,29.20,50.90,30.80,34.00
2026-09-03T15:29:47,2894040,29.20,50.80,30.80,34.00
2026-09-03T15:29:49,2896040,29.20,50.90,30.80,34.00
2026-09-03T15:29:51,2898040,29.20,51.00,30.80,34.00
2026-09-03T15:29:53,2900040,29.20,51.10,30.80,34.00
2026-09-03T15:29:55,2902040,29.20,51.20,30.80,34.00
2026-09-03T15:29:57,2904040,29.20,51.40,30.80,34.00
2026-09-03T15:29:59,2906040,29.20,51.70,30.80,34.00
2026-09-03T15:30:01,2908040,29.20,51.80,30.80,34.00
2026-09-03T15:30:03,2910040,29.20,51.80,30.80,34.00
2026-09-03T15:30:05,2912040,29.20,51.60,30.80,34.00
2026-09-03T15:30:07,2914040,29.20,51.60,30.80,34.00
2026-09-03T15:30:09,2916040,29.20,51.50,30.80,34.00
2026-09-03T15:30:11,2918040,29.20,50.70,30.80,34.00
2026-09-03T15:30:13,2920040,29.20,50.40,30.80,34.00
2026-09-03T15:30:15,2922040,29.20,52.20,30.80,34.00
2026-09-03T15:30:17,2924040,29.20,52.90,30.80,34.00
2026-09-03T15:30:19,2926040,29.20,52.70,30.80,34.00
2026-09-03T15:30:21,2928040,29.20,52.00,30.80,34.00
2026-09-03T15:30:23,2930040,29.20,50.70,30.80,34.00
2026-09-03T15:30:25,2932040,29.10,50.40,30.80,34.00
2026-09-03T15:30:27,2934040,29.10,50.40,30.80,34.00
2026-09-03T15:30:29,2936040,29.10,50.40,30.80,34.00
2026-09-03T15:30:31,2938040,29.00,50.30,30.80,34.00
2026-09-03T15:30:33,2940040,29.00,50.90,30.80,34.00
2026-09-03T15:30:35,2942040,29.00,51.20,30.80,34.00
2026-09-03T15:30:37,2944040,28.90,51.10,30.80,34.00
2026-09-03T15:30:39,2946040,28.90,51.30,30.80,34.00
2026-09-03T15:30:41,2948040,28.90,50.80,30.80,34.00
2026-09-03T15:30:43,2950040,28.80,51.40,30.80,34.00
2026-09-03T15:30:45,2952040,28.80,51.70,30.80,34.00
2026-09-03T15:30:47,2954040,28.80,53.90,30.80,34.00
2026-09-03T15:30:49,2956040,28.70,52.80,30.80,34.00
2026-09-03T15:30:51,2958040,28.60,52.00,30.80,34.00
2026-09-03T15:30:53,2960040,28.60,50.00,30.80,34.00
2026-09-03T15:30:55,2962040,28.60,49.30,30.80,34.00
2026-09-03T15:30:57,2964040,28.40,51.40,30.80,34.00
2026-09-03T15:30:59,2966040,28.30,52.30,30.80,34.00
2026-09-03T15:31:01,2968040,28.20,53.20,30.80,34.00
2026-09-03T15:31:03,2970040,28.30,49.10,30.80,34.00
2026-09-03T15:31:05,2972040,28.20,45.40,30.80,34.00
2026-09-03T15:31:07,2974040,28.10,42.60,30.80,34.00
2026-09-03T15:31:09,2976040,28.10,40.70,30.80,34.00
2026-09-03T15:31:11,2978040,28.00,39.40,30.80,34.00
2026-09-03T15:31:13,2980040,27.90,38.40,30.80,34.00
2026-09-03T15:31:15,2982040,27.80,37.60,30.80,34.00
2026-09-03T15:31:17,2984040,27.70,37.20,30.80,34.00
2026-09-03T15:31:19,2986040,27.70,37.00,30.80,34.00
2026-09-03T15:31:21,2988040,27.50,42.30,30.80,34.00
2026-09-03T15:31:23,2990040,27.40,45.50,30.80,34.00
2026-09-03T15:31:25,2992040,27.30,49.70,30.80,34.00
2026-09-03T15:31:27,2994040,27.30,52.50,30.80,34.00
2026-09-03T15:31:29,2996040,27.20,49.20,30.80,34.00
2026-09-03T15:31:31,2998040,27.20,46.50,30.80,34.00
2026-09-03T15:31:33,3000040,27.10,47.80,30.80,34.00
2026-09-03T15:31:35,3002040,27.00,50.00,30.80,34.00
2026-09-03T15:31:37,3004040,27.00,51.50,30.80,34.00
2026-09-03T15:31:39,3006040,27.00,50.40,30.80,34.00
2026-09-03T15:31:41,3008040,26.90,47.70,30.70,34.00
2026-09-03T15:31:43,3010040,26.90,45.50,30.70,34.00
2026-09-03T15:31:45,3012040,26.80,50.50,30.70,34.00
2026-09-03T15:31:47,3014040,26.80,54.70,30.80,34.00
2026-09-03T15:31:49,3016040,26.80,52.60,30.70,34.00
2026-09-03T15:31:51,3018040,26.80,50.20,30.80,34.00
2026-09-03T15:31:53,3020040,26.70,49.10,30.80,34.00
2026-09-03T15:31:55,3022040,26.70,48.90,30.80,34.00
2026-09-03T15:31:57,3024040,26.70,48.70,30.80,34.00
2026-09-03T15:31:59,3026040,26.60,48.50,30.80,34.00
2026-09-03T15:32:01,3028040,26.60,52.20,30.80,34.00
2026-09-03T15:32:03,3030040,26.60,54.50,30.80,34.00
2026-09-03T15:32:05,3032040,26.60,55.10,30.80,34.00
2026-09-03T15:32:07,3034040,26.60,53.70,30.80,34.00
2026-09-03T15:32:09,3036040,26.60,52.90,30.80,34.00
2026-09-03T15:32:11,3038040,26.60,53.30,30.80,34.00
2026-09-03T15:32:13,3040040,26.60,53.90,30.80,34.00
2026-09-03T15:32:15,3042040,26.60,53.80,30.80,34.00
2026-09-03T15:32:17,3044040,26.60,53.70,30.80,34.00
2026-09-03T15:32:19,3046040,26.70,56.50,30.80,34.00
2026-09-03T15:32:21,3048040,26.70,56.60,30.80,34.00
2026-09-03T15:32:23,3050040,26.70,56.20,30.80,34.00
2026-09-03T15:32:25,3052040,26.80,56.20,30.80,34.00
2026-09-03T15:32:27,3054040,26.80,55.60,30.80,34.00
2026-09-03T15:32:29,3056040,26.80,55.00,30.70,34.00
2026-09-03T15:32:31,3058040,26.90,54.70,30.70,34.00
2026-09-03T15:32:33,3060040,26.90,54.40,30.60,34.00
2026-09-03T15:32:35,3062040,26.90,54.30,30.50,34.00
2026-09-03T15:32:37,3064040,26.90,54.10,30.30,34.00
2026-09-03T15:32:39,3066040,27.00,53.90,30.30,34.00
2026-09-03T15:32:41,3068040,27.00,53.80,30.20,34.00
2026-09-03T15:32:43,3070040,27.10,53.80,30.20,34.00
2026-09-03T15:32:45,3072040,27.10,53.90,30.20,34.00
2026-09-03T15:32:47,3074040,27.10,54.10,30.20,34.00
2026-09-03T15:32:49,3076040,27.20,54.30,30.20,34.00
2026-09-03T15:32:51,3078040,27.20,54.40,30.20,34.00
2026-09-03T15:32:53,3080040,27.20,54.40,30.20,34.00
2026-09-03T15:32:55,3082040,27.30,54.50,30.20,34.00
2026-09-03T15:32:57,3084040,27.30,54.80,30.20,34.00
2026-09-03T15:32:59,3086040,27.40,55.00,30.20,34.00
2026-09-03T15:33:01,3088040,27.40,54.80,30.20,34.00
2026-09-03T15:33:03,3090040,27.40,54.80,30.20,34.00
2026-09-03T15:33:05,3092040,27.40,54.80,30.20,34.00
2026-09-03T15:33:07,3094040,27.50,55.10,30.20,34.00
2026-09-03T15:33:09,3096040,27.50,55.20,30.20,34.00
2026-09-03T15:33:11,3098040,27.50,55.10,30.20,34.00
2026-09-03T15:33:13,3100040,27.60,55.10,30.20,34.00
2026-09-03T15:33:15,3102040,27.60,54.90,30.20,34.00
2026-09-03T15:33:17,3104040,27.60,54.70,30.20,34.00
2026-09-03T15:33:19,3106040,27.60,54.60,30.20,34.00
2026-09-03T15:33:21,3108040,27.70,54.50,30.20,34.00
2026-09-03T15:33:23,3110040,27.70,54.20,30.20,34.00
2026-09-03T15:33:25,3112040,27.70,54.00,30.20,34.00
2026-09-03T15:33:27,3114040,27.70,54.10,30.20,34.00
2026-09-03T15:33:29,3116040,27.80,54.20,30.20,34.00
2026-09-03T15:33:31,3118040,27.80,53.90,30.20,34.00
2026-09-03T15:33:33,3120040,27.80,53.80,30.20,34.00
2026-09-03T15:33:35,3122040,27.90,53.70,30.20,34.00
2026-09-03T15:33:37,3124040,27.90,53.50,30.20,34.00
2026-09-03T15:33:39,3126040,27.90,53.30,30.20,34.00
2026-09-03T15:33:41,3128040,27.90,53.20,30.20,34.00
2026-09-03T15:33:43,3130040,27.90,53.00,30.20,34.00
2026-09-03T15:33:45,3132040,28.00,53.10,30.20,34.00
2026-09-03T15:33:47,3134040,28.00,53.50,30.20,34.00
2026-09-03T15:33:49,3136040,28.00,53.70,30.20,34.00
2026-09-03T15:33:51,3138040,28.10,53.90,30.20,34.00
2026-09-03T15:33:53,3140040,28.10,54.10,30.20,34.00
2026-09-03T15:33:55,3142040,28.10,53.70,30.20,34.00
2026-09-03T15:33:57,3144040,28.10,53.50,30.20,34.00
2026-09-03T15:33:59,3146040,28.10,53.20,30.20,34.00
2026-09-03T15:34:01,3148040,28.10,53.10,30.20,34.00
2026-09-03T15:34:03,3150040,28.20,53.00,30.20,34.00
2026-09-03T15:34:05,3152040,28.20,52.80,30.20,34.00
2026-09-03T15:34:07,3154040,28.20,52.50,30.20,34.00
2026-09-03T15:34:09,3156040,28.30,52.50,30.20,34.00
2026-09-03T15:34:11,3158040,28.20,52.40,30.20,34.00
2026-09-03T15:34:13,3160040,28.20,52.30,30.20,34.00
2026-09-03T15:34:15,3162040,28.30,52.30,30.20,34.00
2026-09-03T15:34:17,3164040,28.30,52.30,30.20,34.00
2026-09-03T15:34:19,3166040,28.30,52.30,30.20,34.00
2026-09-03T15:34:21,3168040,28.30,52.30,30.20,34.00
2026-09-03T15:34:23,3170040,28.30,52.30,30.20,34.00
2026-09-03T15:34:25,3172040,28.40,52.30,30.20,34.00
2026-09-03T15:34:27,3174040,28.40,52.10,30.20,34.00
2026-09-03T15:34:29,3176040,28.40,52.00,30.20,34.00
2026-09-03T15:34:31,3178040,28.40,51.90,30.20,34.00
2026-09-03T15:34:33,3180040,28.40,51.80,30.20,34.00
2026-09-03T15:34:35,3182040,28.40,52.00,30.20,34.00
2026-09-03T15:34:37,3184040,28.40,52.30,30.20,34.00
2026-09-03T15:34:39,3186040,28.50,52.70,30.20,34.00
2026-09-03T15:34:41,3188040,28.50,52.90,30.20,34.00
2026-09-03T15:34:43,3190040,28.50,53.10,30.20,34.00
2026-09-03T15:34:45,3192040,28.50,53.20,30.20,35.00
2026-09-03T15:34:47,3194040,28.50,53.20,30.20,35.00
2026-09-03T15:34:49,3196040,28.60,53.30,30.20,35.00
2026-09-03T15:34:51,3198040,28.60,53.10,30.20,35.00
2026-09-03T15:34:53,3200040,28.60,53.00,30.20,35.00
2026-09-03T15:34:55,3202040,28.60,52.80,30.20,34.00
2026-09-03T15:34:57,3204040,28.60,52.70,30.20,34.00
2026-09-03T15:34:59,3206040,28.60,52.80,30.20,34.00
2026-09-03T15:35:01,3208040,28.60,52.70,30.20,34.00
2026-09-03T15:35:03,3210040,28.60,52.70,30.20,34.00
2026-09-03T15:35:05,3212040,28.70,52.80,30.20,34.00
2026-09-03T15:35:07,3214040,28.70,52.70,30.20,34.00
2026-09-03T15:35:09,3216040,28.70,52.50,30.20,34.00
2026-09-03T15:35:11,3218040,28.70,52.40,30.20,34.00
2026-09-03T15:35:13,3220040,28.80,52.20,30.20,34.00
2026-09-03T15:35:15,3222040,28.80,52.00,30.20,34.00
2026-09-03T15:35:17,3224040,28.80,51.80,30.20,34.00
2026-09-03T15:35:19,3226040,28.80,51.60,30.20,34.00
2026-09-03T15:35:21,3228040,28.80,51.60,30.20,34.00
2026-09-03T15:35:23,3230040,28.80,51.60,30.20,34.00
2026-09-03T15:35:25,3232040,28.90,51.80,30.20,34.00
2026-09-03T15:35:27,3234040,28.90,51.80,30.20,34.00
2026-09-03T15:35:29,3236040,28.90,51.80,30.20,34.00
2026-09-03T15:35:31,3238040,28.90,51.60,30.20,34.00
2026-09-03T15:35:33,3240040,28.90,51.60,30.20,34.00
2026-09-03T15:35:35,3242040,28.90,51.50,30.20,34.00
2026-09-03T15:35:37,3244040,28.90,51.40,30.20,34.00
2026-09-03T15:35:39,3246040,28.90,51.30,30.20,34.00
2026-09-03T15:35:41,3248040,28.90,51.20,30.20,34.00
2026-09-03T15:35:43,3250040,29.00,51.20,30.20,34.00
2026-09-03T15:35:45,3252040,29.00,51.10,30.20,34.00
2026-09-03T15:35:47,3254040,29.00,51.00,30.20,34.00
2026-09-03T15:35:49,3256040,29.00,50.90,30.20,34.00
2026-09-03T15:35:51,3258040,29.00,50.70,30.20,34.00
2026-09-03T15:35:53,3260040,29.00,50.60,30.20,34.00
2026-09-03T15:35:55,3262040,29.00,50.70,30.20,34.00
2026-09-03T15:35:57,3264040,29.00,50.80,30.20,34.00
2026-09-03T15:35:59,3266040,29.10,50.90,30.20,34.00
2026-09-03T15:36:01,3268040,29.10,50.90,30.20,34.00
2026-09-03T15:36:03,3270040,29.10,51.10,30.20,34.00
2026-09-03T15:36:05,3272040,29.10,51.20,30.20,34.00
2026-09-03T15:36:07,3274040,29.10,51.30,30.20,34.00
2026-09-03T15:36:09,3276040,29.10,51.30,30.20,34.00
2026-09-03T15:36:11,3278040,29.10,51.30,30.20,34.00
2026-09-03T15:36:13,3280040,29.10,51.20,30.20,34.00
2026-09-03T15:36:15,3282040,29.10,50.90,30.20,34.00
2026-09-03T15:36:17,3284040,29.20,50.60,30.20,34.00
2026-09-03T15:36:19,3286040,29.10,50.40,30.20,34.00
2026-09-03T15:36:21,3288040,29.20,50.40,30.20,34.00
2026-09-03T15:36:23,3290040,29.20,50.30,30.20,34.00
2026-09-03T15:36:25,3292040,29.10,50.10,30.20,34.00
2026-09-03T15:36:27,3294040,29.20,50.10,30.20,34.00
2026-09-03T15:36:29,3296040,29.20,50.10,30.20,34.00
2026-09-03T15:36:31,3298040,29.20,50.10,30.20,34.00
2026-09-03T15:36:33,3300040,29.20,50.00,30.20,34.00
2026-09-03T15:36:35,3302040,29.20,50.00,30.20,34.00
2026-09-03T15:36:37,3304040,29.20,49.90,30.20,34.00
2026-09-03T15:36:39,3306040,29.30,49.90,30.20,34.00
2026-09-03T15:36:41,3308040,29.30,49.90,30.20,34.00
2026-09-03T15:36:43,3310040,29.30,49.90,30.20,34.00
2026-09-03T15:36:45,3312040,29.30,49.90,30.20,34.00
2026-09-03T15:36:47,3314040,29.30,49.90,30.20,34.00
2026-09-03T15:36:49,3316040,29.30,49.90,30.20,34.00
2026-09-03T15:36:51,3318040,29.30,49.90,30.20,34.00
2026-09-03T15:36:53,3320040,29.30,49.80,30.20,34.00
2026-09-03T15:36:55,3322040,29.30,49.80,30.20,34.00
2026-09-03T15:36:57,3324040,29.30,50.30,30.20,34.00
2026-09-03T15:36:59,3326040,29.30,50.50,30.20,34.00
2026-09-03T15:37:01,3328040,29.30,50.50,30.20,34.00
2026-09-03T15:37:03,3330040,29.40,50.40,30.20,34.00
2026-09-03T15:37:05,3332040,29.30,50.20,30.20,34.00
2026-09-03T15:37:07,3334040,29.40,50.10,30.20,34.00
2026-09-03T15:37:09,3336040,29.40,50.00,30.20,34.00
2026-09-03T15:37:11,3338040,29.40,49.70,30.20,34.00
2026-09-03T15:37:13,3340040,29.40,50.50,30.20,34.00
2026-09-03T15:37:15,3342040,29.20,51.20,30.20,34.00
2026-09-03T15:37:17,3344040,29.20,50.90,30.20,34.00
2026-09-03T15:37:19,3346040,29.10,51.70,30.20,34.00
2026-09-03T15:37:21,3348040,29.00,52.30,30.20,34.00
2026-09-03T15:37:23,3350040,29.00,51.50,30.20,34.00
2026-09-03T15:37:25,3352040,28.90,51.20,30.20,34.00
2026-09-03T15:37:27,3354040,28.80,51.60,30.20,34.00
2026-09-03T15:37:29,3356040,28.80,51.80,30.20,34.00
2026-09-03T15:37:31,3358040,28.60,50.80,30.20,34.00
2026-09-03T15:37:33,3360040,28.60,50.20,30.20,34.00
2026-09-03T15:37:35,3362040,28.50,52.00,30.20,34.00
2026-09-03T15:37:37,3364040,28.40,53.50,30.20,34.00
2026-09-03T15:37:39,3366040,28.30,52.50,30.20,34.00
2026-09-03T15:37:41,3368040,28.30,48.60,30.20,34.00
2026-09-03T15:37:43,3370040,28.20,46.80,30.20,34.00
2026-09-03T15:37:45,3372040,28.20,47.30,30.20,34.00
2026-09-03T15:37:47,3374040,28.10,47.60,30.20,34.00
2026-09-03T15:37:49,3376040,28.10,49.30,30.20,34.00
2026-09-03T15:37:51,3378040,28.00,52.10,30.20,34.00
2026-09-03T15:37:53,3380040,28.00,56.10,30.20,34.00
2026-09-03T15:37:55,3382040,28.00,54.00,30.20,34.00
2026-09-03T15:37:57,3384040,27.90,55.10,30.20,34.00
2026-09-03T15:37:59,3386040,27.90,53.90,30.20,34.00
2026-09-03T15:38:01,3388040,27.80,50.50,30.20,34.00
2026-09-03T15:38:03,3390040,27.70,51.20,30.20,34.00
2026-09-03T15:38:05,3392040,27.70,56.10,30.20,34.00
2026-09-03T15:38:07,3394040,27.70,52.40,30.20,34.00
2026-09-03T15:38:09,3396040,27.60,48.60,30.20,34.00
2026-09-03T15:38:11,3398040,27.50,45.40,30.20,34.00
2026-09-03T15:38:13,3400040,27.50,43.60,30.20,34.00
2026-09-03T15:38:15,3402040,27.40,42.20,30.20,34.00
2026-09-03T15:38:17,3404040,27.30,44.20,30.20,34.00
2026-09-03T15:38:19,3406040,27.20,47.40,30.20,34.00
2026-09-03T15:38:21,3408040,27.20,50.10,30.20,34.00
2026-09-03T15:38:23,3410040,27.10,51.10,30.20,34.00
2026-09-03T15:38:25,3412040,27.00,51.90,30.20,34.00
2026-09-03T15:38:27,3414040,26.90,50.70,30.20,34.00
2026-09-03T15:38:29,3416040,26.90,48.90,30.20,34.00
2026-09-03T15:38:31,3418040,26.80,50.50,30.20,34.00
2026-09-03T15:38:33,3420040,26.80,51.50,30.20,34.00
2026-09-03T15:38:35,3422040,26.70,51.80,30.20,34.00
2026-09-03T15:38:37,3424040,26.60,50.70,30.20,34.00
2026-09-03T15:38:39,3426040,26.50,54.60,30.20,34.00
2026-09-03T15:38:41,3428040,26.50,57.10,30.20,34.00
2026-09-03T15:38:43,3430040,26.50,58.60,30.20,34.00
2026-09-03T15:38:45,3432040,26.50,56.00,30.20,34.00
2026-09-03T15:38:47,3434040,26.50,55.10,30.20,34.00
2026-09-03T15:38:49,3436040,26.40,54.50,30.20,34.00
2026-09-03T15:38:51,3438040,26.40,54.40,30.20,34.00
2026-09-03T15:38:53,3440040,26.40,54.40,30.20,34.00
2026-09-03T15:38:55,3442040,26.40,51.40,30.20,34.00
2026-09-03T15:38:57,3444040,26.30,48.50,30.20,34.00
2026-09-03T15:38:59,3446040,26.20,45.90,30.20,34.00
2026-09-03T15:39:01,3448040,26.20,49.70,30.20,34.00
2026-09-03T15:39:03,3450040,26.10,54.00,30.20,34.00
2026-09-03T15:39:05,3452040,26.10,56.40,30.20,34.00
2026-09-03T15:39:07,3454040,26.00,57.70,30.20,34.00
2026-09-03T15:39:09,3456040,26.00,56.20,30.20,34.00
2026-09-03T15:39:11,3458040,26.00,52.70,30.20,34.00
2026-09-03T15:39:13,3460040,26.00,54.00,30.20,34.00
2026-09-03T15:39:15,3462040,26.00,53.40,30.20,34.00
2026-09-03T15:39:17,3464040,25.90,51.80,30.20,34.00
2026-09-03T15:39:19,3466040,25.90,49.70,30.20,34.00
2026-09-03T15:39:21,3468040,25.80,52.70,30.20,34.00
2026-09-03T15:39:23,3470040,25.70,51.50,30.20,34.00
2026-09-03T15:39:25,3472040,25.70,49.30,30.20,34.00
2026-09-03T15:39:27,3474040,25.60,49.70,30.20,34.00
2026-09-03T15:39:29,3476040,25.60,47.80,30.20,34.00
2026-09-03T15:39:31,3478040,25.60,46.00,30.20,34.00
2026-09-03T15:39:33,3480040,25.50,52.30,30.20,34.00
2026-09-03T15:39:35,3482040,25.50,57.00,30.20,34.00
2026-09-03T15:39:37,3484040,25.50,56.00,30.20,34.00
2026-09-03T15:39:39,3486040,25.40,54.80,30.20,34.00
2026-09-03T15:39:41,3488040,25.40,55.60,30.20,34.00
2026-09-03T15:39:43,3490040,25.40,56.20,30.20,34.00
2026-09-03T15:39:45,3492040,25.40,57.80,30.20,34.00
2026-09-03T15:39:47,3494040,25.40,59.50,30.20,34.00
2026-09-03T15:39:49,3496040,25.40,60.60,30.20,34.00
2026-09-03T15:39:51,3498040,25.40,61.30,30.20,34.00
2026-09-03T15:39:53,3500040,25.50,60.60,30.20,34.00
2026-09-03T15:39:55,3502040,25.50,59.60,30.20,34.00
2026-09-03T15:39:57,3504040,25.50,58.80,30.20,34.00
2026-09-03T15:39:59,3506040,25.60,58.20,30.20,34.00
2026-09-03T15:40:01,3508040,25.60,58.50,30.20,34.00
2026-09-03T15:40:03,3510040,25.60,58.40,30.20,34.00
2026-09-03T15:40:05,3512040,25.60,58.30,30.20,34.00
2026-09-03T15:40:07,3514040,25.70,58.20,30.20,34.00
2026-09-03T15:40:09,3516040,25.80,57.90,30.20,34.00
2026-09-03T15:40:11,3518040,25.80,57.40,30.20,34.00
2026-09-03T15:40:13,3520040,25.80,57.10,30.20,34.00
2026-09-03T15:40:15,3522040,25.90,56.80,30.20,34.00
2026-09-03T15:40:17,3524040,25.90,56.50,30.20,34.00
2026-09-03T15:40:19,3526040,25.90,56.40,30.20,34.00
2026-09-03T15:40:21,3528040,26.00,56.30,30.20,34.00
2026-09-03T15:40:23,3530040,26.00,56.10,30.20,34.00
2026-09-03T15:40:25,3532040,26.00,55.90,30.20,34.00
2026-09-03T15:40:27,3534040,26.10,55.70,30.20,34.00
2026-09-03T15:40:29,3536040,26.10,55.50,30.20,34.00
2026-09-03T15:40:31,3538040,26.20,55.40,30.20,34.00
2026-09-03T15:40:33,3540040,26.20,55.20,30.20,34.00
2026-09-03T15:40:35,3542040,26.20,55.10,30.20,34.00
2026-09-03T15:40:37,3544040,26.30,55.00,30.20,34.00
2026-09-03T15:40:39,3546040,26.30,55.00,30.20,34.00
2026-09-03T15:40:41,3548040,26.40,55.00,30.20,34.00
2026-09-03T15:40:43,3550040,26.40,55.00,30.20,34.00
2026-09-03T15:40:45,3552040,26.40,54.80,30.20,34.00
2026-09-03T15:40:47,3554040,26.40,54.70,30.20,34.00
2026-09-03T15:40:49,3556040,26.50,54.60,30.20,34.00
2026-09-03T15:40:51,3558040,26.50,54.40,30.20,34.00
2026-09-03T15:40:53,3560040,26.50,54.20,30.20,34.00
2026-09-03T15:40:55,3562040,26.60,54.10,30.20,34.00
2026-09-03T15:40:57,3564040,26.60,53.90,30.20,34.00
2026-09-03T15:40:59,3566040,26.60,53.80,30.20,34.00
2026-09-03T15:41:01,3568040,26.70,53.70,30.20,34.00
2026-09-03T15:41:03,3570040,26.70,53.60,30.20,34.00
2026-09-03T15:41:05,3572040,26.70,53.60,30.20,34.00
2026-09-03T15:41:07,3574040,26.80,53.60,30.20,34.00
2026-09-03T15:41:09,3576040,26.80,53.50,30.20,34.00
2026-09-03T15:41:11,3578040,26.80,53.50,30.20,34.00
2026-09-03T15:41:13,3580040,26.90,53.50,30.20,34.00
2026-09-03T15:41:15,3582040,26.90,53.50,30.20,34.00
2026-09-03T15:41:17,3584040,26.90,53.40,30.20,34.00
2026-09-03T15:41:19,3586040,26.90,53.30,30.20,34.00
2026-09-03T15:41:21,3588040,27.00,53.30,30.20,34.00
2026-09-03T15:41:23,3590040,27.00,53.20,30.20,34.00
2026-09-03T15:41:25,3592040,27.00,53.10,30.20,34.00
2026-09-03T15:41:27,3594040,27.00,52.90,30.20,34.00
2026-09-03T15:41:29,3596040,27.10,52.90,30.20,34.00
2026-09-03T15:41:31,3598040,27.10,52.90,30.20,34.00
2026-09-03T15:41:33,3600040,27.10,52.80,30.20,34.00
2026-09-03T15:41:35,3602040,27.20,52.80,30.20,34.00
2026-09-03T15:41:37,3604040,27.20,52.70,30.20,34.00
2026-09-03T15:41:39,3606040,27.20,52.60,30.20,34.00
2026-09-03T15:41:41,3608040,27.20,52.50,30.20,34.00
2026-09-03T15:41:43,3610040,27.30,52.60,30.20,34.00
2026-09-03T15:41:45,3612040,27.30,52.60,30.20,34.00
2026-09-03T15:41:47,3614040,27.30,52.50,30.20,34.00
2026-09-03T15:41:49,3616040,27.40,52.50,30.20,34.00
2026-09-03T15:41:51,3618040,27.40,52.60,30.20,34.00
2026-09-03T15:41:53,3620040,27.40,52.60,30.20,34.00
2026-09-03T15:41:55,3622040,27.40,52.60,30.20,34.00
2026-09-03T15:41:57,3624040,27.40,52.80,30.20,34.00
2026-09-03T15:41:59,3626040,27.50,53.00,30.20,34.00
2026-09-03T15:42:01,3628040,27.50,53.20,30.20,34.00
2026-09-03T15:42:03,3630040,27.50,53.30,30.20,34.00
2026-09-03T15:42:05,3632040,27.50,53.30,30.20,34.00
2026-09-03T15:42:07,3634040,27.60,53.40,30.20,34.00
2026-09-03T15:42:09,3636040,27.60,53.50,30.20,34.00
2026-09-03T15:42:11,3638040,27.60,53.50,30.20,35.00
2026-09-03T15:42:13,3640040,27.60,53.50,30.20,35.00
2026-09-03T15:42:15,3642040,27.70,53.50,30.20,35.00
2026-09-03T15:42:17,3644040,27.70,53.50,30.20,35.00
2026-09-03T15:42:19,3646040,27.70,53.30,30.20,35.00
2026-09-03T15:42:21,3648040,27.70,53.20,30.20,35.00
2026-09-03T15:42:23,3650040,27.70,53.00,30.20,35.00
2026-09-03T15:42:25,3652040,27.80,52.90,30.20,35.00
2026-09-03T15:42:27,3654040,27.80,52.80,30.20,35.00
2026-09-03T15:42:29,3656040,27.80,52.80,30.20,35.00
2026-09-03T15:42:31,3658040,27.80,52.80,30.20,35.00
2026-09-03T15:42:33,3660040,27.80,52.80,30.20,35.00
2026-09-03T15:42:35,3662040,27.90,52.80,30.20,35.00
2026-09-03T15:42:37,3664040,27.90,52.70,30.20,35.00
2026-09-03T15:42:39,3666040,27.90,52.50,30.20,35.00
2026-09-03T15:42:41,3668040,27.90,52.30,30.20,35.00
2026-09-03T15:42:43,3670040,28.00,52.20,30.20,35.00
2026-09-03T15:42:45,3672040,27.90,52.10,30.20,35.00
2026-09-03T15:42:47,3674040,27.90,52.00,30.20,35.00
2026-09-03T15:42:49,3676040,28.00,52.10,30.20,35.00
2026-09-03T15:42:51,3678040,28.00,52.00,30.20,35.00
2026-09-03T15:42:53,3680040,28.00,52.00,30.20,35.00
2026-09-03T15:42:55,3682040,28.00,52.00,30.20,35.00
2026-09-03T15:42:57,3684040,28.00,51.90,30.20,35.00
2026-09-03T15:42:59,3686040,28.10,51.90,30.20,35.00
2026-09-03T15:43:01,3688040,28.10,51.80,30.20,35.00
2026-09-03T15:43:03,3690040,28.10,51.90,30.20,35.00
2026-09-03T15:43:05,3692040,28.10,51.90,30.20,35.00
2026-09-03T15:43:07,3694040,28.10,51.90,30.20,35.00
2026-09-03T15:43:09,3696040,28.10,51.90,30.20,35.00
2026-09-03T15:43:11,3698040,28.10,52.00,30.20,35.00
2026-09-03T15:43:13,3700040,28.20,52.20,30.20,35.00
2026-09-03T15:43:15,3702040,28.20,52.30,30.20,35.00
2026-09-03T15:43:17,3704040,28.20,52.40,30.20,35.00
2026-09-03T15:43:19,3706040,28.20,52.40,30.20,35.00
2026-09-03T15:43:21,3708040,28.20,52.30,30.20,35.00
2026-09-03T15:43:23,3710040,28.20,52.20,30.20,35.00
2026-09-03T15:43:25,3712040,28.30,52.10,30.20,35.00
2026-09-03T15:43:27,3714040,28.30,52.10,30.20,35.00
2026-09-03T15:43:29,3716040,28.30,52.00,30.20,35.00
2026-09-03T15:43:31,3718040,28.30,51.90,30.20,35.00
2026-09-03T15:43:33,3720040,28.30,51.70,30.20,35.00
2026-09-03T15:43:35,3722040,28.30,51.60,30.20,35.00
2026-09-03T15:43:37,3724040,28.40,51.60,30.20,35.00
2026-09-03T15:43:39,3726040,28.40,51.70,30.20,35.00
2026-09-03T15:43:41,3728040,28.40,51.70,30.20,35.00
2026-09-03T15:43:43,3730040,28.40,51.60,30.20,35.00
2026-09-03T15:43:45,3732040,28.40,51.60,30.20,35.00
2026-09-03T15:43:47,3734040,28.40,51.50,30.20,34.00
2026-09-03T15:43:49,3736040,28.40,51.40,30.20,34.00
2026-09-03T15:43:51,3738040,28.40,51.30,30.20,34.00
2026-09-03T15:43:53,3740040,28.50,51.40,30.20,34.00
2026-09-03T15:43:55,3742040,28.50,51.40,30.20,34.00
2026-09-03T15:43:57,3744040,28.50,51.40,30.20,34.00
2026-09-03T15:43:59,3746040,28.50,51.30,30.20,34.00
2026-09-03T15:44:01,3748040,28.50,51.20,30.20,34.00
2026-09-03T15:44:03,3750040,28.50,51.10,30.20,34.00
2026-09-03T15:44:05,3752040,28.60,51.20,30.20,34.00
2026-09-03T15:44:07,3754040,28.60,51.10,30.20,34.00
2026-09-03T15:44:09,3756040,28.60,51.10,30.20,34.00
2026-09-03T15:44:11,3758040,28.60,51.10,30.20,34.00
2026-09-03T15:44:13,3760040,28.60,51.00,30.20,34.00
2026-09-03T15:44:15,3762040,28.60,51.00,30.20,34.00
2026-09-03T15:44:17,3764040,28.60,50.90,30.20,34.00
2026-09-03T15:44:19,3766040,28.60,50.80,30.20,34.00
2026-09-03T15:44:21,3768040,28.60,50.70,30.20,34.00
2026-09-03T15:44:23,3770040,28.60,50.70,30.20,34.00
2026-09-03T15:44:25,3772040,28.60,50.60,30.20,34.00
2026-09-03T15:44:27,3774040,28.70,50.60,30.20,34.00
2026-09-03T15:44:29,3776040,28.70,50.70,30.20,34.00
2026-09-03T15:44:31,3778040,28.70,50.80,30.20,34.00
2026-09-03T15:44:33,3780040,28.70,50.80,30.20,34.00
2026-09-03T15:44:35,3782040,28.70,50.70,30.20,34.00
2026-09-03T15:44:37,3784040,28.70,50.90,30.20,34.00
2026-09-03T15:44:39,3786040,28.70,51.00,30.20,34.00
2026-09-03T15:44:41,3788040,-99.00,-99.00,30.20,34.00
2026-09-03T15:44:43,3790040,-99.00,-99.00,30.20,34.00
2026-09-03T15:44:45,3792040,-99.00,-99.00,30.20,34.00
2026-09-03T15:44:47,3794040,-99.00,-99.00,30.20,34.00
2026-09-03T15:44:49,3796040,-99.00,-99.00,30.20,34.00
2026-09-03T15:44:51,3798040,-99.00,-99.00,30.20,34.00
2026-09-03T15:44:53,3800040,-99.00,-99.00,30.20,34.00
2026-09-03T15:44:55,3802040,-99.00,-99.00,30.20,34.00
2026-09-03T15:44:57,3804040,-99.00,-99.00,30.20,34.00
2026-09-03T15:44:59,3806040,-99.00,-99.00,30.20,34.00
2026-09-03T15:45:01,3808040,-99.00,-99.00,30.20,34.00
2026-09-03T15:45:03,3810040,-99.00,-99.00,30.20,34.00
2026-09-03T15:45:05,3812040,-99.00,-99.00,30.20,34.00
2026-09-03T15:45:07,3814040,-99.00,-99.00,30.20,34.00
2026-09-03T15:45:09,3816040,-99.00,-99.00,30.20,34.00
2026-09-03T15:45:11,3818040,-99.00,-99.00,30.20,34.00
2026-09-03T15:45:13,3820040,-99.00,-99.00,30.20,34.00
2026-09-03T15:45:15,3822040,-99.00,-99.00,30.20,34.00
2026-09-03T15:45:17,3824040,-99.00,-99.00,30.20,34.00
2026-09-03T15:45:19,3826040,-99.00,-99.00,30.20,34.00
2026-09-03T15:45:21,3828040,-99.00,-99.00,30.20,34.00
2026-09-03T15:45:23,3830040,-99.00,-99.00,30.20,34.00
2026-09-03T15:45:25,3832040,-99.00,-99.00,30.20,34.00
2026-09-03T15:45:27,3834040,-99.00,-99.00,30.20,34.00
2026-09-03T15:45:29,3836040,-99.00,-99.00,30.20,34.00
2026-09-03T15:45:31,3838040,-99.00,-99.00,30.20,34.00
2026-09-03T15:45:33,3840040,-99.00,-99.00,30.20,34.00
2026-09-03T15:45:35,3842040,-99.00,-99.00,30.20,34.00
2026-09-03T15:45:37,3844040,-99.00,-99.00,30.20,34.00
2026-09-03T15:45:39,3846040,28.80,51.20,30.20,34.00
2026-09-03T15:45:41,3848040,29.00,49.60,30.20,34.00
2026-09-03T15:45:43,3850040,29.00,49.50,30.20,34.00
2026-09-03T15:45:45,3852040,29.00,49.50,30.20,34.00
2026-09-03T15:45:47,3854040,29.00,49.50,30.20,34.00
2026-09-03T15:45:49,3856040,29.10,49.60,30.20,34.00
2026-09-03T15:45:51,3858040,29.10,49.60,30.20,34.00
2026-09-03T15:45:53,3860040,29.10,49.50,30.20,34.00
2026-09-03T15:45:55,3862040,29.10,49.60,30.20,34.00
2026-09-03T15:45:57,3864040,29.10,49.50,30.20,34.00
2026-09-03T15:45:59,3866040,29.10,49.50,30.20,34.00
2026-09-03T15:46:01,3868040,29.10,49.40,30.20,34.00
2026-09-03T15:46:03,3870040,29.10,49.40,30.20,34.00
2026-09-03T15:46:05,3872040,29.10,49.40,30.20,34.00
2026-09-03T15:46:07,3874040,29.10,49.40,30.20,34.00
2026-09-03T15:46:09,3876040,29.20,49.50,30.30,34.00
2026-09-03T15:46:11,3878040,29.20,49.50,30.30,34.00
2026-09-03T15:46:13,3880040,29.20,49.50,30.50,35.00
2026-09-03T15:46:15,3882040,29.20,49.70,30.60,35.00
2026-09-03T15:46:17,3884040,29.20,49.80,30.60,35.00
2026-09-03T15:46:19,3886040,29.20,49.90,30.60,35.00
2026-09-03T15:46:21,3888040,29.20,49.90,30.70,35.00
2026-09-03T15:46:23,3890040,29.20,49.70,30.70,34.00
2026-09-03T15:46:25,3892040,29.20,49.60,30.70,34.00
2026-09-03T15:46:27,3894040,29.20,49.50,30.70,34.00
2026-09-03T15:46:29,3896040,29.20,49.40,30.70,34.00
2026-09-03T15:46:31,3898040,29.20,49.30,30.70,34.00
2026-09-03T15:46:33,3900040,29.20,49.30,30.70,34.00
2026-09-03T15:46:35,3902040,29.30,49.30,30.80,34.00
2026-09-03T15:46:37,3904040,29.30,49.30,30.80,34.00
2026-09-03T15:46:39,3906040,29.30,49.20,30.80,34.00
2026-09-03T15:46:41,3908040,29.30,49.20,30.80,34.00
2026-09-03T15:46:43,3910040,29.30,49.20,30.80,34.00
2026-09-03T15:46:45,3912040,29.30,49.20,30.80,34.00
2026-09-03T15:46:47,3914040,29.30,49.10,30.80,34.00
2026-09-03T15:46:49,3916040,29.30,49.00,30.80,34.00
2026-09-03T15:46:51,3918040,29.30,48.90,30.80,34.00
2026-09-03T15:46:53,3920040,29.30,48.90,30.80,34.00
2026-09-03T15:46:55,3922040,29.30,48.90,30.80,34.00
2026-09-03T15:46:57,3924040,29.40,48.90,30.80,34.00
2026-09-03T15:46:59,3926040,29.40,48.90,30.80,34.00
2026-09-03T15:47:01,3928040,29.40,48.90,30.80,34.00
2026-09-03T15:47:03,3930040,29.40,49.00,30.80,34.00
2026-09-03T15:47:05,3932040,29.40,49.10,30.80,34.00
2026-09-03T15:47:07,3934040,29.40,49.20,30.80,34.00
2026-09-03T15:47:09,3936040,29.40,49.30,30.80,34.00
2026-09-03T15:47:11,3938040,29.40,49.30,30.80,34.00
2026-09-03T15:47:13,3940040,29.40,49.20,30.80,34.00
2026-09-03T15:47:15,3942040,29.40,49.00,30.80,34.00
2026-09-03T15:47:17,3944040,29.40,49.00,30.80,34.00
2026-09-03T15:47:19,3946040,29.50,49.00,30.80,34.00
2026-09-03T15:47:21,3948040,29.40,48.90,30.80,34.00
2026-09-03T15:47:23,3950040,29.40,48.80,30.80,34.00
2026-09-03T15:47:25,3952040,29.50,48.80,30.80,34.00
2026-09-03T15:47:27,3954040,29.50,48.80,30.80,34.00
2026-09-03T15:47:29,3956040,29.40,48.70,30.80,34.00
2026-09-03T15:47:31,3958040,29.40,48.70,30.80,34.00
2026-09-03T15:47:33,3960040,29.50,48.80,30.80,34.00
2026-09-03T15:47:35,3962040,29.50,48.80,30.80,34.00
2026-09-03T15:47:37,3964040,29.50,48.70,30.80,34.00
2026-09-03T15:47:39,3966040,29.50,48.70,30.80,34.00
2026-09-03T15:47:41,3968040,29.50,48.70,30.80,34.00
2026-09-03T15:47:43,3970040,29.50,48.70,30.80,34.00
2026-09-03T15:47:45,3972040,29.50,48.60,30.80,34.00
2026-09-03T15:47:47,3974040,29.50,48.60,30.80,34.00
2026-09-03T15:47:49,3976040,29.50,48.60,30.80,34.00
2026-09-03T15:47:51,3978040,29.50,48.50,30.80,34.00
2026-09-03T15:47:53,3980040,29.50,48.50,30.80,34.00
2026-09-03T15:47:55,3982040,29.50,48.50,30.80,34.00
2026-09-03T15:47:57,3984040,29.50,48.50,30.80,34.00
2026-09-03T15:47:59,3986040,29.50,48.40,30.80,34.00
2026-09-03T15:48:01,3988040,29.60,48.50,30.80,34.00
2026-09-03T15:48:03,3990040,29.50,48.60,30.80,34.00
2026-09-03T15:48:05,3992040,29.50,48.70,30.80,34.00
2026-09-03T15:48:07,3994040,29.50,48.80,30.80,34.00
2026-09-03T15:48:09,3996040,29.50,48.80,30.80,34.00
2026-09-03T15:48:11,3998040,29.50,48.90,30.80,34.00
2026-09-03T15:48:13,4000040,29.60,49.00,30.80,34.00
2026-09-03T15:48:15,4002040,29.60,49.00,30.80,34.00
2026-09-03T15:48:17,4004040,29.60,48.80,30.80,34.00
2026-09-03T15:48:19,4006040,29.60,48.70,30.80,34.00
2026-09-03T15:48:21,4008040,29.60,48.70,30.80,34.00
2026-09-03T15:48:23,4010040,29.60,48.60,30.80,34.00
2026-09-03T15:48:25,4012040,29.60,48.50,30.80,34.00
2026-09-03T15:48:27,4014040,29.60,48.40,30.80,34.00
2026-09-03T15:48:29,4016040,29.60,48.40,30.80,34.00
2026-09-03T15:48:31,4018040,29.60,48.30,30.80,34.00
2026-09-03T15:48:33,4020040,29.60,48.30,30.80,34.00
2026-09-03T15:48:35,4022040,29.60,48.30,30.80,34.00
2026-09-03T15:48:37,4024040,29.60,48.30,30.80,34.00
2026-09-03T15:48:39,4026040,29.60,48.30,30.80,34.00
2026-09-03T15:48:41,4028040,29.60,48.40,30.80,34.00
2026-09-03T15:48:43,4030040,29.60,48.40,30.80,34.00
2026-09-03T15:48:45,4032040,29.60,48.60,30.80,35.00
2026-09-03T15:48:47,4034040,29.60,48.80,30.80,35.00
2026-09-03T15:48:49,4036040,29.60,48.90,30.80,35.00
2026-09-03T15:48:51,4038040,29.70,49.00,30.80,35.00
2026-09-03T15:48:53,4040040,29.70,48.90,30.80,35.00
2026-09-03T15:48:55,4042040,29.70,48.70,30.80,35.00
2026-09-03T15:48:57,4044040,29.60,48.60,30.80,35.00
2026-09-03T15:48:59,4046040,29.70,48.60,30.80,35.00
2026-09-03T15:49:01,4048040,29.70,48.50,30.80,35.00
2026-09-03T15:49:03,4050040,29.70,48.40,30.80,35.00
2026-09-03T15:49:05,4052040,29.70,48.40,30.80,35.00
2026-09-03T15:49:07,4054040,29.70,48.40,30.80,35.00
2026-09-03T15:49:09,4056040,29.70,48.50,30.80,35.00
2026-09-03T15:49:11,4058040,29.70,48.50,30.80,35.00
2026-09-03T15:49:13,4060040,29.70,48.50,30.80,35.00
2026-09-03T15:49:15,4062040,29.70,48.50,30.80,35.00
2026-09-03T15:49:17,4064040,29.70,48.40,30.80,35.00
2026-09-03T15:49:19,4066040,29.70,48.30,30.80,35.00
2026-09-03T15:49:21,4068040,29.70,48.30,30.80,35.00
2026-09-03T15:49:23,4070040,29.70,48.20,30.80,34.00
2026-09-03T15:49:25,4072040,29.70,48.20,30.80,34.00
2026-09-03T15:49:27,4074040,29.70,48.20,30.80,34.00
2026-09-03T15:49:29,4076040,29.70,48.20,30.80,34.00
2026-09-03T15:49:31,4078040,29.80,48.30,30.80,34.00
2026-09-03T15:49:33,4080040,29.80,48.40,30.80,34.00
2026-09-03T15:49:35,4082040,29.80,48.40,30.80,34.00
2026-09-03T15:49:37,4084040,29.80,48.30,30.80,35.00
2026-09-03T15:49:39,4086040,29.80,48.20,30.80,35.00
2026-09-03T15:49:41,4088040,-99.00,-99.00,30.80,35.00
2026-09-03T15:49:43,4090040,-99.00,-99.00,30.80,35.00
2026-09-03T15:49:45,4092040,-99.00,-99.00,30.80,35.00
2026-09-03T15:49:47,4094040,-99.00,-99.00,30.80,35.00
2026-09-03T15:49:49,4096040,-99.00,-99.00,30.80,35.00
2026-09-03T15:49:51,4098040,-99.00,-99.00,30.80,35.00
2026-09-03T15:49:53,4100040,-99.00,-99.00,30.80,35.00
2026-09-03T15:49:55,4102040,-99.00,-99.00,30.80,35.00
2026-09-03T15:49:57,4104040,-99.00,-99.00,30.80,35.00
2026-09-03T15:49:59,4106040,-99.00,-99.00,30.80,35.00
2026-09-03T15:50:01,4108040,-99.00,-99.00,30.80,35.00
2026-09-03T15:50:03,4110040,-99.00,-99.00,30.80,35.00
2026-09-03T15:50:05,4112040,-99.00,-99.00,30.80,35.00
2026-09-03T15:50:07,4114040,-99.00,-99.00,30.80,35.00
2026-09-03T15:50:09,4116040,-99.00,-99.00,30.80,35.00
2026-09-03T15:50:11,4118040,-99.00,-99.00,30.80,35.00
2026-09-03T15:50:13,4120040,-99.00,-99.00,30.80,35.00
2026-09-03T15:50:15,4122040,-99.00,-99.00,30.80,35.00
2026-09-03T15:50:17,4124040,-99.00,-99.00,30.80,35.00
2026-09-03T15:50:19,4126040,-99.00,-99.00,30.80,35.00
2026-09-03T15:50:21,4128040,-99.00,-99.00,30.80,35.00
2026-09-03T15:50:23,4130040,-99.00,-99.00,30.80,35.00
2026-09-03T15:50:25,4132040,-99.00,-99.00,30.80,35.00
2026-09-03T15:50:27,4134040,-99.00,-99.00,30.80,35.00
2026-09-03T15:50:29,4136040,-99.00,-99.00,30.80,35.00
2026-09-03T15:50:31,4138040,-99.00,-99.00,30.80,35.00
2026-09-03T15:50:33,4140040,-99.00,-99.00,30.80,35.00
2026-09-03T15:50:35,4142040,-99.00,-99.00,30.80,35.00
2026-09-03T15:50:37,4144040,-99.00,-99.00,30.80,35.00
2026-09-03T15:50:39,4146040,29.80,48.20,30.80,35.00
2026-09-03T15:50:41,4148040,29.90,48.80,30.80,35.00
2026-09-03T15:50:43,4150040,29.90,48.80,30.80,35.00
2026-09-03T15:50:45,4152040,29.90,48.90,30.80,35.00
2026-09-03T15:50:47,4154040,29.90,48.90,30.80,35.00
2026-09-03T15:50:49,4156040,29.90,49.10,30.80,35.00
2026-09-03T15:50:51,4158040,29.90,49.20,30.80,35.00
2026-09-03T15:50:53,4160040,29.90,49.20,30.80,35.00
2026-09-03T15:50:55,4162040,29.90,49.20,30.80,35.00
2026-09-03T15:50:57,4164040,29.90,49.10,30.80,35.00
2026-09-03T15:50:59,4166040,29.90,48.90,30.80,35.00
2026-09-03T15:51:01,4168040,29.90,48.70,30.80,35.00
2026-09-03T15:51:03,4170040,29.90,48.50,30.80,35.00
2026-09-03T15:51:05,4172040,29.90,48.40,30.80,35.00
2026-09-03T15:51:07,4174040,29.90,48.30,30.80,35.00
2026-09-03T15:51:09,4176040,29.90,48.20,30.80,35.00
2026-09-03T15:51:11,4178040,29.90,48.10,30.80,35.00
2026-09-03T15:51:13,4180040,30.00,48.10,30.80,35.00
2026-09-03T15:51:15,4182040,29.90,48.00,30.80,35.00
2026-09-03T15:51:17,4184040,29.90,48.10,30.80,35.00
2026-09-03T15:51:19,4186040,29.90,48.20,30.80,35.00
2026-09-03T15:51:21,4188040,30.00,48.40,30.80,35.00
2026-09-03T15:51:23,4190040,29.90,48.40,30.80,35.00
2026-09-03T15:51:25,4192040,29.90,48.40,30.80,35.00
2026-09-03T15:51:27,4194040,29.90,48.50,30.80,35.00
2026-09-03T15:51:29,4196040,30.00,48.60,30.80,35.00
2026-09-03T15:51:31,4198040,30.00,48.50,30.80,35.00
2026-09-03T15:51:33,4200040,29.90,48.40,30.80,35.00
2026-09-03T15:51:35,4202040,30.00,48.40,30.80,35.00
2026-09-03T15:51:37,4204040,30.00,48.30,30.80,35.00
2026-09-03T15:51:39,4206040,29.90,48.20,30.80,35.00
2026-09-03T15:51:41,4208040,29.90,48.10,30.80,35.00
2026-09-03T15:51:43,4210040,30.00,48.20,30.80,35.00
2026-09-03T15:51:45,4212040,30.00,48.10,30.80,35.00
2026-09-03T15:51:47,4214040,30.00,48.20,30.80,35.00
2026-09-03T15:51:49,4216040,30.00,48.10,30.80,35.00
2026-09-03T15:51:51,4218040,30.00,48.10,30.80,35.00
2026-09-03T15:51:53,4220040,30.00,48.10,30.80,35.00
2026-09-03T15:51:55,4222040,30.00,48.20,30.80,35.00
2026-09-03T15:51:57,4224040,30.00,48.30,30.80,35.00
2026-09-03T15:51:59,4226040,30.00,48.30,30.80,35.00
2026-09-03T15:52:01,4228040,30.00,48.20,30.80,35.00
2026-09-03T15:52:03,4230040,30.00,48.20,30.80,35.00
2026-09-03T15:52:05,4232040,30.00,48.20,30.80,35.00
2026-09-03T15:52:07,4234040,30.00,48.20,30.80,35.00
2026-09-03T15:52:09,4236040,30.00,48.10,30.80,35.00
2026-09-03T15:52:11,4238040,30.00,48.10,30.80,35.00
2026-09-03T15:52:13,4240040,30.00,48.10,30.80,35.00
2026-09-03T15:52:15,4242040,30.00,48.00,30.80,35.00
2026-09-03T15:52:17,4244040,30.00,48.00,30.80,35.00
2026-09-03T15:52:19,4246040,30.00,48.00,30.80,35.00
2026-09-03T15:52:21,4248040,30.00,48.10,30.80,35.00
2026-09-03T15:52:23,4250040,30.00,48.10,30.80,35.00
2026-09-03T15:52:25,4252040,30.00,48.10,30.80,35.00
2026-09-03T15:52:27,4254040,30.00,48.00,30.80,35.00
2026-09-03T15:52:29,4256040,30.00,48.00,30.80,35.00
2026-09-03T15:52:31,4258040,30.00,48.00,30.80,35.00
2026-09-03T15:52:33,4260040,30.00,48.00,30.80,35.00
2026-09-03T15:52:35,4262040,30.00,48.00,30.80,35.00
2026-09-03T15:52:37,4264040,30.10,48.10,30.80,35.00
2026-09-03T15:52:39,4266040,30.00,48.10,30.80,35.00
2026-09-03T15:52:41,4268040,30.00,48.20,30.80,35.00
2026-09-03T15:52:43,4270040,30.10,48.30,30.80,35.00
2026-09-03T15:52:45,4272040,30.00,48.40,30.80,35.00
2026-09-03T15:52:47,4274040,30.00,48.60,30.80,35.00
2026-09-03T15:52:49,4276040,30.00,48.70,30.80,35.00
2026-09-03T15:52:51,4278040,30.00,48.80,30.80,35.00
2026-09-03T15:52:53,4280040,30.00,48.80,30.80,35.00
2026-09-03T15:52:55,4282040,30.00,48.70,30.80,35.00
2026-09-03T15:52:57,4284040,30.00,48.60,30.80,35.00
2026-09-03T15:52:59,4286040,30.00,48.50,30.80,35.00
2026-09-03T15:53:01,4288040,30.00,48.60,30.80,35.00
2026-09-03T15:53:03,4290040,30.00,48.60,30.80,35.00
2026-09-03T15:53:05,4292040,30.10,48.70,30.80,35.00
2026-09-03T15:53:07,4294040,30.10,48.80,30.80,35.00
2026-09-03T15:53:09,4296040,30.10,48.60,30.80,35.00
2026-09-03T15:53:11,4298040,30.10,48.50,30.80,35.00
2026-09-03T15:53:13,4300040,30.10,48.60,30.80,35.00
2026-09-03T15:53:15,4302040,30.10,48.70,30.80,35.00
2026-09-03T15:53:17,4304040,30.10,48.60,30.80,35.00
2026-09-03T15:53:19,4306040,30.10,48.40,30.80,35.00
2026-09-03T15:53:21,4308040,30.10,48.20,30.80,35.00
2026-09-03T15:53:23,4310040,30.10,48.10,30.80,35.00
2026-09-03T15:53:25,4312040,30.10,48.00,30.80,35.00
2026-09-03T15:53:27,4314040,30.10,48.00,30.80,35.00
2026-09-03T15:53:29,4316040,30.10,48.10,30.80,35.00
2026-09-03T15:53:31,4318040,30.10,48.30,30.80,35.00
2026-09-03T15:53:33,4320040,30.10,48.30,30.80,35.00
2026-09-03T15:53:35,4322040,30.10,48.30,30.80,35.00
2026-09-03T15:53:37,4324040,30.10,48.40,30.80,35.00
2026-09-03T15:53:39,4326040,30.10,48.30,30.80,35.00
2026-09-03T15:53:41,4328040,30.10,48.20,30.80,35.00
2026-09-03T15:53:43,4330040,30.10,48.10,30.80,35.00
2026-09-03T15:53:45,4332040,30.10,48.10,30.80,35.00
2026-09-03T15:53:47,4334040,30.10,48.10,30.80,35.00
2026-09-03T15:53:49,4336040,30.10,48.10,30.80,35.00
2026-09-03T15:53:51,4338040,30.10,48.10,30.80,35.00
2026-09-03T15:53:53,4340040,30.10,48.10,30.80,35.00
2026-09-03T15:53:55,4342040,30.10,48.00,30.80,35.00
2026-09-03T15:53:57,4344040,30.10,48.00,30.80,35.00
2026-09-03T15:53:59,4346040,30.20,48.00,30.80,35.00
2026-09-03T15:54:01,4348040,30.10,48.00,30.80,35.00
2026-09-03T15:54:03,4350040,30.20,48.00,30.80,35.00
2026-09-03T15:54:05,4352040,30.10,47.90,30.80,35.00
2026-09-03T15:54:07,4354040,30.10,47.80,30.80,35.00
2026-09-03T15:54:09,4356040,30.20,47.90,30.80,35.00
2026-09-03T15:54:11,4358040,30.10,47.90,30.80,35.00
2026-09-03T15:54:13,4360040,30.10,47.80,30.80,35.00
2026-09-03T15:54:15,4362040,30.10,47.80,30.80,35.00
2026-09-03T15:54:17,4364040,30.20,47.90,30.80,35.00
2026-09-03T15:54:19,4366040,30.10,47.90,30.80,35.00
2026-09-03T15:54:21,4368040,30.10,47.90,30.80,35.00
2026-09-03T15:54:23,4370040,30.10,47.80,30.80,35.00
2026-09-03T15:54:25,4372040,30.10,47.90,30.80,35.00
2026-09-03T15:54:27,4374040,30.20,48.00,30.80,35.00
2026-09-03T15:54:29,4376040,30.20,48.10,30.80,35.00
2026-09-03T15:54:31,4378040,30.20,48.30,30.80,35.00
2026-09-03T15:54:33,4380040,30.20,49.10,30.80,35.00
2026-09-03T15:54:35,4382040,30.20,49.50,30.80,35.00
2026-09-03T15:54:37,4384040,30.20,49.40,30.80,35.00
2026-09-03T15:54:39,4386040,30.20,49.10,30.80,35.00
2026-09-03T15:54:41,4388040,-99.00,-99.00,30.80,35.00
2026-09-03T15:54:43,4390040,-99.00,-99.00,30.80,35.00
2026-09-03T15:54:45,4392040,-99.00,-99.00,30.80,35.00
2026-09-03T15:54:47,4394040,-99.00,-99.00,30.80,35.00
2026-09-03T15:54:49,4396040,-99.00,-99.00,30.80,35.00
2026-09-03T15:54:51,4398040,-99.00,-99.00,30.80,35.00
2026-09-03T15:54:53,4400040,-99.00,-99.00,30.80,35.00
2026-09-03T15:54:55,4402040,-99.00,-99.00,30.80,35.00
2026-09-03T15:54:57,4404040,-99.00,-99.00,30.80,35.00
2026-09-03T15:54:59,4406040,-99.00,-99.00,30.80,35.00
2026-09-03T15:55:01,4408040,-99.00,-99.00,30.80,35.00
2026-09-03T15:55:03,4410040,-99.00,-99.00,30.80,35.00
2026-09-03T15:55:05,4412040,-99.00,-99.00,30.80,35.00
2026-09-03T15:55:07,4414040,-99.00,-99.00,30.80,35.00
2026-09-03T15:55:09,4416040,-99.00,-99.00,30.80,35.00
2026-09-03T15:55:11,4418040,-99.00,-99.00,30.80,35.00
2026-09-03T15:55:13,4420040,-99.00,-99.00,30.80,35.00
2026-09-03T15:55:15,4422040,-99.00,-99.00,30.80,35.00
2026-09-03T15:55:17,4424040,-99.00,-99.00,30.80,35.00
2026-09-03T15:55:19,4426040,-99.00,-99.00,30.80,35.00
2026-09-03T15:55:21,4428040,-99.00,-99.00,30.80,35.00
2026-09-03T15:55:23,4430040,-99.00,-99.00,30.80,35.00
2026-09-03T15:55:25,4432040,-99.00,-99.00,30.80,35.00
2026-09-03T15:55:27,4434040,-99.00,-99.00,30.80,35.00
2026-09-03T15:55:29,4436040,-99.00,-99.00,30.80,35.00
2026-09-03T15:55:31,4438040,-99.00,-99.00,30.80,35.00
2026-09-03T15:55:33,4440040,-99.00,-99.00,30.80,35.00
2026-09-03T15:55:35,4442040,-99.00,-99.00,30.80,35.00
2026-09-03T15:55:37,4444040,-99.00,-99.00,30.80,35.00
2026-09-03T15:55:39,4446040,30.20,48.90,30.80,35.00
2026-09-03T15:55:41,4448040,30.30,49.20,30.80,35.00
2026-09-03T15:55:43,4450040,30.20,49.40,30.80,35.00
2026-09-03T15:55:45,4452040,30.20,49.50,30.80,35.00
2026-09-03T15:55:47,4454040,30.20,49.40,30.80,35.00
2026-09-03T15:55:49,4456040,30.30,49.40,30.80,35.00
2026-09-03T15:55:51,4458040,30.30,49.40,30.80,35.00
2026-09-03T15:55:53,4460040,30.30,49.40,30.80,35.00
2026-09-03T15:55:55,4462040,30.30,49.00,30.80,35.00
2026-09-03T15:55:57,4464040,30.30,48.60,30.80,35.00
2026-09-03T15:55:59,4466040,30.30,48.40,30.80,35.00
2026-09-03T15:56:01,4468040,30.30,48.60,30.80,35.00
2026-09-03T15:56:03,4470040,30.30,48.60,30.80,35.00
2026-09-03T15:56:05,4472040,30.30,48.70,30.80,35.00
2026-09-03T15:56:07,4474040,30.30,48.80,30.80,35.00
2026-09-03T15:56:09,4476040,30.30,48.90,30.80,35.00
2026-09-03T15:56:11,4478040,30.30,48.80,30.80,35.00
2026-09-03T15:56:13,4480040,30.30,48.70,30.80,35.00
2026-09-03T15:56:15,4482040,30.30,48.70,30.80,35.00
2026-09-03T15:56:17,4484040,30.30,48.70,30.80,35.00
2026-09-03T15:56:19,4486040,30.30,48.70,30.80,35.00
2026-09-03T15:56:21,4488040,30.30,48.70,30.80,35.00
2026-09-03T15:56:23,4490040,30.30,48.70,30.80,35.00
2026-09-03T15:56:25,4492040,30.30,48.80,30.80,35.00
2026-09-03T15:56:27,4494040,30.30,48.80,30.80,35.00
2026-09-03T15:56:29,4496040,30.30,48.80,30.80,35.00
2026-09-03T15:56:31,4498040,30.30,48.80,30.80,35.00
2026-09-03T15:56:33,4500040,30.30,48.80,30.80,35.00
2026-09-03T15:56:35,4502040,30.30,48.80,30.80,35.00
2026-09-03T15:56:37,4504040,30.30,48.80,30.80,35.00
2026-09-03T15:56:39,4506040,30.30,48.90,30.80,35.00
2026-09-03T15:56:41,4508040,30.30,49.00,30.80,35.00
2026-09-03T15:56:43,4510040,30.30,49.10,30.80,35.00
2026-09-03T15:56:45,4512040,30.30,49.00,30.80,35.00
2026-09-03T15:56:47,4514040,30.30,48.90,30.80,35.00
2026-09-03T15:56:49,4516040,30.30,48.90,30.80,35.00
2026-09-03T15:56:51,4518040,30.30,49.00,30.80,35.00
2026-09-03T15:56:53,4520040,30.30,49.20,30.80,35.00
2026-09-03T15:56:55,4522040,30.30,49.30,30.80,35.00
2026-09-03T15:56:57,4524040,30.30,49.30,30.80,35.00
2026-09-03T15:56:59,4526040,30.30,49.30,30.80,35.00
2026-09-03T15:57:01,4528040,30.30,49.30,30.80,35.00
2026-09-03T15:57:03,4530040,30.30,49.10,30.80,35.00
2026-09-03T15:57:05,4532040,30.30,48.90,30.80,35.00
2026-09-03T15:57:07,4534040,30.30,48.60,30.80,35.00
2026-09-03T15:57:09,4536040,30.30,48.40,30.80,35.00
2026-09-03T15:57:11,4538040,30.30,48.30,30.80,35.00
2026-09-03T15:57:13,4540040,30.30,48.30,30.80,35.00
2026-09-03T15:57:15,4542040,30.30,48.40,30.80,35.00
2026-09-03T15:57:17,4544040,30.30,48.50,30.80,35.00
2026-09-03T15:57:19,4546040,30.30,48.30,30.80,35.00
2026-09-03T15:57:21,4548040,30.30,48.10,30.80,35.00
2026-09-03T15:57:23,4550040,30.30,48.10,30.80,35.00
2026-09-03T15:57:25,4552040,30.30,48.10,30.80,35.00
2026-09-03T15:57:27,4554040,30.30,48.10,30.80,35.00
2026-09-03T15:57:29,4556040,30.30,47.90,30.80,35.00
2026-09-03T15:57:31,4558040,30.30,47.80,30.80,35.00
2026-09-03T15:57:33,4560040,30.30,47.60,30.80,35.00
2026-09-03T15:57:35,4562040,30.30,47.60,30.80,35.00
2026-09-03T15:57:37,4564040,30.40,47.60,30.80,35.00
2026-09-03T15:57:39,4566040,30.40,47.60,30.80,35.00
2026-09-03T15:57:41,4568040,30.30,47.50,30.80,35.00
2026-09-03T15:57:43,4570040,30.30,47.50,30.80,35.00
2026-09-03T15:57:45,4572040,30.30,47.40,30.80,35.00
2026-09-03T15:57:47,4574040,30.30,47.40,30.80,35.00
2026-09-03T15:57:49,4576040,30.30,47.40,30.80,35.00
2026-09-03T15:57:51,4578040,30.40,47.40,30.80,35.00
2026-09-03T15:57:53,4580040,30.30,47.40,30.80,35.00
2026-09-03T15:57:55,4582040,30.30,47.40,30.80,35.00
2026-09-03T15:57:57,4584040,30.30,47.40,30.80,35.00
2026-09-03T15:57:59,4586040,30.30,47.50,30.80,35.00
2026-09-03T15:58:01,4588040,30.30,47.50,30.80,35.00
2026-09-03T15:58:03,4590040,30.30,47.50,30.80,35.00
2026-09-03T15:58:05,4592040,30.30,47.50,30.80,35.00
2026-09-03T15:58:07,4594040,30.30,47.50,30.80,35.00
2026-09-03T15:58:09,4596040,30.30,47.50,30.80,35.00
2026-09-03T15:58:11,4598040,30.30,47.70,30.80,35.00
2026-09-03T15:58:13,4600040,30.40,47.80,30.80,35.00
2026-09-03T15:58:15,4602040,30.30,47.70,30.80,35.00
2026-09-03T15:58:17,4604040,30.30,47.70,30.80,35.00
2026-09-03T15:58:19,4606040,30.30,47.60,30.80,35.00
2026-09-03T15:58:21,4608040,30.30,47.60,30.80,35.00
2026-09-03T15:58:23,4610040,30.30,47.60,30.80,35.00
2026-09-03T15:58:25,4612040,30.30,47.60,30.80,35.00
2026-09-03T15:58:27,4614040,30.30,47.60,30.80,35.00
2026-09-03T15:58:29,4616040,30.30,47.80,30.80,35.00
2026-09-03T15:58:31,4618040,30.30,48.20,30.80,35.00
2026-09-03T15:58:33,4620040,30.30,48.20,30.80,35.00
2026-09-03T15:58:35,4622040,30.30,47.90,30.80,35.00
2026-09-03T15:58:37,4624040,30.30,47.90,30.80,35.00
2026-09-03T15:58:39,4626040,30.30,47.80,30.80,35.00
2026-09-03T15:58:41,4628040,30.40,47.80,30.80,35.00
2026-09-03T15:58:43,4630040,30.30,47.60,30.80,35.00
2026-09-03T15:58:45,4632040,30.30,47.60,30.80,35.00
2026-09-03T15:58:47,4634040,30.30,47.60,30.80,35.00
2026-09-03T15:58:49,4636040,30.30,47.60,30.80,35.00
2026-09-03T15:58:51,4638040,30.30,47.70,30.80,35.00
2026-09-03T15:58:53,4640040,30.30,47.60,30.80,35.00
2026-09-03T15:58:55,4642040,30.30,47.60,30.80,35.00
2026-09-03T15:58:57,4644040,30.30,47.60,30.80,35.00
2026-09-03T15:58:59,4646040,30.30,47.60,30.80,35.00
2026-09-03T15:59:01,4648040,30.30,47.60,30.80,35.00
2026-09-03T15:59:03,4650040,30.30,47.70,30.80,35.00
2026-09-03T15:59:05,4652040,30.30,47.70,30.80,35.00
2026-09-03T15:59:07,4654040,30.30,47.60,30.80,35.00
2026-09-03T15:59:09,4656040,30.40,47.70,30.80,35.00
2026-09-03T15:59:11,4658040,30.30,47.60,30.80,35.00
2026-09-03T15:59:13,4660040,30.30,47.80,30.80,35.00
2026-09-03T15:59:15,4662040,30.30,47.80,30.80,35.00
2026-09-03T15:59:17,4664040,30.40,47.90,30.80,35.00
2026-09-03T15:59:19,4666040,30.40,47.90,30.80,35.00
2026-09-03T15:59:21,4668040,30.40,48.00,30.80,35.00
2026-09-03T15:59:23,4670040,30.40,48.10,30.80,35.00
2026-09-03T15:59:25,4672040,30.40,48.10,30.80,35.00
2026-09-03T15:59:27,4674040,30.30,48.10,30.80,35.00
2026-09-03T15:59:29,4676040,30.30,48.20,30.80,35.00
2026-09-03T15:59:31,4678040,30.40,48.30,30.80,35.00
2026-09-03T15:59:33,4680040,30.40,48.30,30.80,35.00
2026-09-03T15:59:35,4682040,30.40,48.10,30.80,35.00
2026-09-03T15:59:37,4684040,30.40,48.00,30.80,35.00
2026-09-03T15:59:39,4686040,30.30,47.80,30.80,35.00
2026-09-03T15:59:41,4688040,30.40,47.80,30.80,35.00
2026-09-03T15:59:43,4690040,30.40,47.80,30.80,35.00
2026-09-03T15:59:45,4692040,30.40,47.80,30.80,35.00
2026-09-03T15:59:47,4694040,30.30,47.80,30.80,35.00
2026-09-03T15:59:49,4696040,30.40,48.00,30.80,35.00
2026-09-03T15:59:51,4698040,30.40,48.00,30.80,35.00
2026-09-03T15:59:53,4700040,30.40,48.10,30.80,35.00
2026-09-03T15:59:55,4702040,30.40,48.20,30.80,35.00
2026-09-03T15:59:57,4704040,30.40,48.40,30.80,35.00
2026-09-03T15:59:59,4706040,30.40,48.40,30.80,35.00
2026-09-03T16:00:01,4708040,30.40,48.40,30.80,35.00
2026-09-03T16:00:03,4710040,30.40,48.30,30.80,35.00
2026-09-03T16:00:05,4712040,30.40,48.20,30.80,35.00
2026-09-03T16:00:07,4714040,30.40,48.10,30.80,35.00
2026-09-03T16:00:09,4716040,30.40,48.00,30.80,35.00
2026-09-03T16:00:11,4718040,30.40,47.90,30.80,35.00
